store_id,item_id,wh_holding,st_holding
CA,HOBBIES_1_001,1.198,2.395
CA,HOBBIES_1_002,0.496,0.992
CA,HOBBIES_1_003,0.371,0.742
CA,HOBBIES_1_004,0.542,1.085
CA,HOBBIES_1_005,0.372,0.745
CA,HOBBIES_1_006,0.125,0.25
CA,HOBBIES_1_007,0.992,1.985
CA,HOBBIES_1_008,0.058,0.115
CA,HOBBIES_1_009,0.195,0.39
CA,HOBBIES_1_010,0.396,0.792
CA,HOBBIES_1_011,0.435,0.87
CA,HOBBIES_1_012,0.748,1.495
CA,HOBBIES_1_013,0.246,0.492
CA,HOBBIES_1_014,0.122,0.245
CA,HOBBIES_1_015,0.088,0.175
CA,HOBBIES_1_016,0.088,0.175
CA,HOBBIES_1_017,0.235,0.47
CA,HOBBIES_1_018,1.485,2.97
CA,HOBBIES_1_019,0.062,0.125
CA,HOBBIES_1_020,1.334,2.668
CA,HOBBIES_1_021,1.471,2.942
CA,HOBBIES_1_022,0.858,1.715
CA,HOBBIES_1_023,0.43,0.86
CA,HOBBIES_1_024,1.122,2.245
CA,HOBBIES_1_025,0.468,0.935
CA,HOBBIES_1_026,2.246,4.492
CA,HOBBIES_1_027,2.498,4.995
CA,HOBBIES_1_028,0.834,1.668
CA,HOBBIES_1_029,0.93,1.86
CA,HOBBIES_1_030,0.1,0.2
CA,HOBBIES_1_031,1.356,2.712
CA,HOBBIES_1_032,0.059,0.118
CA,HOBBIES_1_033,1.996,3.992
CA,HOBBIES_1_034,0.582,1.165
CA,HOBBIES_1_035,0.199,0.398
CA,HOBBIES_1_036,0.12,0.24
CA,HOBBIES_1_037,1.621,3.242
CA,HOBBIES_1_038,0.396,0.792
CA,HOBBIES_1_039,0.735,1.47
CA,HOBBIES_1_040,1.621,3.242
CA,HOBBIES_1_041,0.425,0.85
CA,HOBBIES_1_042,0.935,1.87
CA,HOBBIES_1_043,0.09,0.18
CA,HOBBIES_1_044,0.189,0.378
CA,HOBBIES_1_045,1.322,2.645
CA,HOBBIES_1_046,2.372,4.745
CA,HOBBIES_1_047,0.195,0.39
CA,HOBBIES_1_048,0.062,0.125
CA,HOBBIES_1_049,0.985,1.97
CA,HOBBIES_1_050,1.23,2.46
CA,HOBBIES_1_051,0.748,1.495
CA,HOBBIES_1_052,0.735,1.47
CA,HOBBIES_1_053,0.496,0.992
CA,HOBBIES_1_054,0.371,0.742
CA,HOBBIES_1_055,0.93,1.86
CA,HOBBIES_1_056,0.118,0.235
CA,HOBBIES_1_057,0.56,1.12
CA,HOBBIES_1_058,0.996,1.992
CA,HOBBIES_1_060,3.746,7.492
CA,HOBBIES_1_061,0.345,0.69
CA,HOBBIES_1_062,0.121,0.242
CA,HOBBIES_1_063,0.652,1.305
CA,HOBBIES_1_064,1.54,3.08
CA,HOBBIES_1_065,0.61,1.22
CA,HOBBIES_1_066,0.156,0.312
CA,HOBBIES_1_067,0.059,0.118
CA,HOBBIES_1_068,0.855,1.71
CA,HOBBIES_1_069,1.56,3.12
CA,HOBBIES_1_070,0.735,1.47
CA,HOBBIES_1_072,0.246,0.492
CA,HOBBIES_1_073,0.645,1.29
CA,HOBBIES_1_074,0.459,0.918
CA,HOBBIES_1_075,0.855,1.71
CA,HOBBIES_1_076,0.368,0.735
CA,HOBBIES_1_077,1.222,2.445
CA,HOBBIES_1_078,1.496,2.992
CA,HOBBIES_1_079,1.055,2.11
CA,HOBBIES_1_080,0.059,0.118
CA,HOBBIES_1_081,1.84,3.68
CA,HOBBIES_1_082,0.472,0.945
CA,HOBBIES_1_083,2.172,4.345
CA,HOBBIES_1_084,0.459,0.918
CA,HOBBIES_1_085,1.84,3.68
CA,HOBBIES_1_086,1.078,2.155
CA,HOBBIES_1_087,1.555,3.11
CA,HOBBIES_1_088,0.321,0.642
CA,HOBBIES_1_089,0.985,1.97
CA,HOBBIES_1_090,0.122,0.245
CA,HOBBIES_1_091,0.085,0.17
CA,HOBBIES_1_092,0.285,0.57
CA,HOBBIES_1_093,2.485,4.97
CA,HOBBIES_1_094,1.621,3.242
CA,HOBBIES_1_095,0.96,1.92
CA,HOBBIES_1_097,0.498,0.995
CA,HOBBIES_1_098,1.782,3.565
CA,HOBBIES_1_099,1.782,3.565
CA,HOBBIES_1_100,1.25,2.5
CA,HOBBIES_1_102,0.622,1.245
CA,HOBBIES_1_103,0.088,0.175
CA,HOBBIES_1_104,2.998,5.995
CA,HOBBIES_1_105,0.805,1.61
CA,HOBBIES_1_106,0.321,0.642
CA,HOBBIES_1_107,0.498,0.995
CA,HOBBIES_1_108,1.515,3.03
CA,HOBBIES_1_109,0.745,1.49
CA,HOBBIES_1_110,0.459,0.918
CA,HOBBIES_1_111,0.355,0.71
CA,HOBBIES_1_112,0.21,0.42
CA,HOBBIES_1_113,0.184,0.368
CA,HOBBIES_1_114,0.746,1.492
CA,HOBBIES_1_115,0.088,0.175
CA,HOBBIES_1_116,0.809,1.618
CA,HOBBIES_1_117,1.334,2.668
CA,HOBBIES_1_118,1.328,2.655
CA,HOBBIES_1_119,0.221,0.442
CA,HOBBIES_1_120,1.372,2.745
CA,HOBBIES_1_121,0.125,0.25
CA,HOBBIES_1_122,0.221,0.442
CA,HOBBIES_1_123,0.974,1.948
CA,HOBBIES_1_124,0.748,1.495
CA,HOBBIES_1_125,1.498,2.995
CA,HOBBIES_1_126,1.198,2.395
CA,HOBBIES_1_127,0.125,0.25
CA,HOBBIES_1_128,1.021,2.042
CA,HOBBIES_1_129,0.56,1.12
CA,HOBBIES_1_130,0.33,0.66
CA,HOBBIES_1_131,0.088,0.175
CA,HOBBIES_1_132,0.528,1.055
CA,HOBBIES_1_133,1.53,3.06
CA,HOBBIES_1_134,0.396,0.792
CA,HOBBIES_1_135,2.548,5.095
CA,HOBBIES_1_136,0.61,1.22
CA,HOBBIES_1_137,1.248,2.495
CA,HOBBIES_1_138,0.735,1.47
CA,HOBBIES_1_139,0.329,0.658
CA,HOBBIES_1_140,0.125,0.25
CA,HOBBIES_1_141,1.782,3.565
CA,HOBBIES_1_142,0.118,0.235
CA,HOBBIES_1_143,0.998,1.995
CA,HOBBIES_1_144,1.25,2.5
CA,HOBBIES_1_145,0.152,0.305
CA,HOBBIES_1_146,0.582,1.165
CA,HOBBIES_1_147,1.246,2.492
CA,HOBBIES_1_148,0.61,1.22
CA,HOBBIES_1_149,0.178,0.355
CA,HOBBIES_1_150,0.195,0.39
CA,HOBBIES_1_151,0.552,1.105
CA,HOBBIES_1_152,0.688,1.375
CA,HOBBIES_1_153,0.67,1.34
CA,HOBBIES_1_154,0.312,0.625
CA,HOBBIES_1_155,2.372,4.745
CA,HOBBIES_1_156,0.235,0.47
CA,HOBBIES_1_157,1.375,2.75
CA,HOBBIES_1_158,2.498,4.995
CA,HOBBIES_1_159,0.405,0.81
CA,HOBBIES_1_160,2.485,4.97
CA,HOBBIES_1_161,0.085,0.17
CA,HOBBIES_1_162,0.498,0.995
CA,HOBBIES_1_163,1.178,2.355
CA,HOBBIES_1_164,1.12,2.24
CA,HOBBIES_1_165,0.621,1.242
CA,HOBBIES_1_166,1.498,2.995
CA,HOBBIES_1_167,0.088,0.175
CA,HOBBIES_1_168,0.604,1.208
CA,HOBBIES_1_169,0.059,0.118
CA,HOBBIES_1_170,2.246,4.492
CA,HOBBIES_1_171,0.36,0.72
CA,HOBBIES_1_172,0.371,0.742
CA,HOBBIES_1_173,1.371,2.742
CA,HOBBIES_1_174,0.61,1.22
CA,HOBBIES_1_175,0.25,0.5
CA,HOBBIES_1_176,0.685,1.37
CA,HOBBIES_1_177,0.498,0.995
CA,HOBBIES_1_178,0.058,0.115
CA,HOBBIES_1_179,0.859,1.718
CA,HOBBIES_1_180,2.498,4.995
CA,HOBBIES_1_181,0.246,0.492
CA,HOBBIES_1_183,0.974,1.948
CA,HOBBIES_1_184,1.46,2.92
CA,HOBBIES_1_185,0.415,0.83
CA,HOBBIES_1_186,2.185,4.37
CA,HOBBIES_1_187,0.855,1.71
CA,HOBBIES_1_188,1.61,3.22
CA,HOBBIES_1_189,0.058,0.115
CA,HOBBIES_1_190,1.246,2.492
CA,HOBBIES_1_191,1.121,2.242
CA,HOBBIES_1_192,0.405,0.81
CA,HOBBIES_1_193,0.998,1.995
CA,HOBBIES_1_194,0.312,0.625
CA,HOBBIES_1_195,1.435,2.87
CA,HOBBIES_1_197,1.559,3.118
CA,HOBBIES_1_198,1.048,2.095
CA,HOBBIES_1_199,0.428,0.855
CA,HOBBIES_1_200,0.934,1.868
CA,HOBBIES_1_201,0.622,1.245
CA,HOBBIES_1_202,0.195,0.39
CA,HOBBIES_1_203,1.685,3.37
CA,HOBBIES_1_204,1.248,2.495
CA,HOBBIES_1_205,0.735,1.47
CA,HOBBIES_1_206,0.392,0.785
CA,HOBBIES_1_207,0.316,0.632
CA,HOBBIES_1_208,0.405,0.81
CA,HOBBIES_1_209,0.088,0.175
CA,HOBBIES_1_210,0.735,1.47
CA,HOBBIES_1_211,0.622,1.245
CA,HOBBIES_1_212,0.938,1.875
CA,HOBBIES_1_213,1.078,2.155
CA,HOBBIES_1_214,1.125,2.25
CA,HOBBIES_1_215,1.371,2.742
CA,HOBBIES_1_216,0.195,0.39
CA,HOBBIES_1_217,0.434,0.868
CA,HOBBIES_1_218,1.372,2.745
CA,HOBBIES_1_219,0.218,0.435
CA,HOBBIES_1_220,0.445,0.89
CA,HOBBIES_1_221,0.25,0.5
CA,HOBBIES_1_223,0.125,0.25
CA,HOBBIES_1_224,0.496,0.992
CA,HOBBIES_1_225,3.746,7.492
CA,HOBBIES_1_226,1.782,3.565
CA,HOBBIES_1_227,0.241,0.482
CA,HOBBIES_1_228,0.859,1.718
CA,HOBBIES_1_229,0.809,1.618
CA,HOBBIES_1_230,0.56,1.12
CA,HOBBIES_1_231,0.859,1.718
CA,HOBBIES_1_232,0.058,0.115
CA,HOBBIES_1_233,0.088,0.175
CA,HOBBIES_1_234,0.038,0.075
CA,HOBBIES_1_235,1.621,3.242
CA,HOBBIES_1_236,1.471,2.942
CA,HOBBIES_1_237,0.996,1.992
CA,HOBBIES_1_238,0.742,1.485
CA,HOBBIES_1_239,0.371,0.742
CA,HOBBIES_1_240,0.31,0.62
CA,HOBBIES_1_241,2.722,5.445
CA,HOBBIES_1_242,0.312,0.625
CA,HOBBIES_1_243,1.735,3.47
CA,HOBBIES_1_244,0.058,0.115
CA,HOBBIES_1_245,0.621,1.242
CA,HOBBIES_1_246,1.372,2.745
CA,HOBBIES_1_247,2.11,4.22
CA,HOBBIES_1_248,0.118,0.235
CA,HOBBIES_1_249,0.621,1.242
CA,HOBBIES_1_250,0.61,1.22
CA,HOBBIES_1_251,1.979,3.958
CA,HOBBIES_1_252,0.088,0.175
CA,HOBBIES_1_253,1.598,3.195
CA,HOBBIES_1_254,0.088,0.175
CA,HOBBIES_1_255,0.235,0.47
CA,HOBBIES_1_256,0.058,0.115
CA,HOBBIES_1_257,2.095,4.19
CA,HOBBIES_1_258,1.371,2.742
CA,HOBBIES_1_259,0.165,0.33
CA,HOBBIES_1_260,1.53,3.06
CA,HOBBIES_1_261,0.058,0.115
CA,HOBBIES_1_262,1.122,2.245
CA,HOBBIES_1_263,0.621,1.242
CA,HOBBIES_1_264,0.559,1.118
CA,HOBBIES_1_265,0.496,0.992
CA,HOBBIES_1_266,0.582,1.165
CA,HOBBIES_1_267,0.36,0.72
CA,HOBBIES_1_268,0.058,0.115
CA,HOBBIES_1_269,1.498,2.995
CA,HOBBIES_1_270,0.56,1.12
CA,HOBBIES_1_271,0.721,1.442
CA,HOBBIES_1_272,1.055,2.11
CA,HOBBIES_1_273,1.334,2.668
CA,HOBBIES_1_274,1.235,2.47
CA,HOBBIES_1_275,1.555,3.11
CA,HOBBIES_1_276,0.834,1.668
CA,HOBBIES_1_277,0.195,0.39
CA,HOBBIES_1_278,0.059,0.118
CA,HOBBIES_1_279,0.498,0.995
CA,HOBBIES_1_280,1.371,2.742
CA,HOBBIES_1_281,0.498,0.995
CA,HOBBIES_1_282,0.528,1.055
CA,HOBBIES_1_283,1.372,2.745
CA,HOBBIES_1_284,0.61,1.22
CA,HOBBIES_1_285,1.36,2.72
CA,HOBBIES_1_286,0.088,0.175
CA,HOBBIES_1_287,0.735,1.47
CA,HOBBIES_1_288,0.059,0.118
CA,HOBBIES_1_289,0.621,1.242
CA,HOBBIES_1_290,0.67,1.34
CA,HOBBIES_1_292,0.822,1.645
CA,HOBBIES_1_293,0.41,0.82
CA,HOBBIES_1_294,0.485,0.97
CA,HOBBIES_1_295,0.058,0.115
CA,HOBBIES_1_296,0.796,1.592
CA,HOBBIES_1_297,1.625,3.25
CA,HOBBIES_1_298,0.459,0.918
CA,HOBBIES_1_299,0.159,0.318
CA,HOBBIES_1_300,1.248,2.495
CA,HOBBIES_1_301,0.702,1.405
CA,HOBBIES_1_302,0.36,0.72
CA,HOBBIES_1_303,1.122,2.245
CA,HOBBIES_1_304,0.458,0.915
CA,HOBBIES_1_305,0.359,0.718
CA,HOBBIES_1_306,1.748,3.495
CA,HOBBIES_1_307,0.496,0.992
CA,HOBBIES_1_308,1.498,2.995
CA,HOBBIES_1_309,0.602,1.205
CA,HOBBIES_1_310,0.688,1.375
CA,HOBBIES_1_311,1.832,3.665
CA,HOBBIES_1_312,0.059,0.118
CA,HOBBIES_1_313,0.154,0.308
CA,HOBBIES_1_314,0.496,0.992
CA,HOBBIES_1_315,0.446,0.892
CA,HOBBIES_1_316,0.118,0.235
CA,HOBBIES_1_317,0.834,1.668
CA,HOBBIES_1_318,0.535,1.07
CA,HOBBIES_1_319,0.125,0.25
CA,HOBBIES_1_320,0.56,1.12
CA,HOBBIES_1_321,0.805,1.61
CA,HOBBIES_1_322,0.496,0.992
CA,HOBBIES_1_323,0.609,1.218
CA,HOBBIES_1_324,1.625,3.25
CA,HOBBIES_1_325,0.805,1.61
CA,HOBBIES_1_326,0.248,0.495
CA,HOBBIES_1_327,0.992,1.985
CA,HOBBIES_1_328,0.688,1.375
CA,HOBBIES_1_329,0.495,0.99
CA,HOBBIES_1_330,0.93,1.86
CA,HOBBIES_1_331,0.118,0.235
CA,HOBBIES_1_332,0.935,1.87
CA,HOBBIES_1_333,0.621,1.242
CA,HOBBIES_1_334,0.748,1.495
CA,HOBBIES_1_335,1.53,3.06
CA,HOBBIES_1_336,0.235,0.47
CA,HOBBIES_1_337,0.459,0.918
CA,HOBBIES_1_338,0.93,1.86
CA,HOBBIES_1_339,0.998,1.995
CA,HOBBIES_1_340,0.974,1.948
CA,HOBBIES_1_341,0.058,0.115
CA,HOBBIES_1_342,2.485,4.97
CA,HOBBIES_1_343,0.598,1.195
CA,HOBBIES_1_344,1.472,2.945
CA,HOBBIES_1_345,0.93,1.86
CA,HOBBIES_1_346,0.496,0.992
CA,HOBBIES_1_347,1.235,2.47
CA,HOBBIES_1_348,0.058,0.115
CA,HOBBIES_1_349,1.498,2.995
CA,HOBBIES_1_350,0.346,0.692
CA,HOBBIES_1_351,0.698,1.395
CA,HOBBIES_1_352,0.329,0.658
CA,HOBBIES_1_353,0.122,0.245
CA,HOBBIES_1_354,2.998,5.995
CA,HOBBIES_1_355,0.459,0.918
CA,HOBBIES_1_356,0.622,1.245
CA,HOBBIES_1_357,1.678,3.355
CA,HOBBIES_1_358,0.329,0.658
CA,HOBBIES_1_359,0.184,0.368
CA,HOBBIES_1_360,1.715,3.43
CA,HOBBIES_1_361,3.746,7.492
CA,HOBBIES_1_362,1.248,2.495
CA,HOBBIES_1_363,0.345,0.69
CA,HOBBIES_1_364,1.496,2.992
CA,HOBBIES_1_365,0.496,0.992
CA,HOBBIES_1_366,0.496,0.992
CA,HOBBIES_1_367,1.078,2.155
CA,HOBBIES_1_368,0.528,1.055
CA,HOBBIES_1_369,0.122,0.245
CA,HOBBIES_1_370,0.058,0.115
CA,HOBBIES_1_371,0.058,0.115
CA,HOBBIES_1_372,0.805,1.61
CA,HOBBIES_1_373,1.84,3.68
CA,HOBBIES_1_374,2.185,4.37
CA,HOBBIES_1_375,1.235,2.47
CA,HOBBIES_1_376,1.996,3.992
CA,HOBBIES_1_377,1.046,2.092
CA,HOBBIES_1_378,0.405,0.81
CA,HOBBIES_1_379,0.265,0.53
CA,HOBBIES_1_380,0.195,0.39
CA,HOBBIES_1_381,0.088,0.175
CA,HOBBIES_1_382,0.246,0.492
CA,HOBBIES_1_383,0.372,0.745
CA,HOBBIES_1_384,1.498,2.995
CA,HOBBIES_1_385,1.246,2.492
CA,HOBBIES_1_386,0.71,1.42
CA,HOBBIES_1_387,0.122,0.245
CA,HOBBIES_1_388,0.372,0.745
CA,HOBBIES_1_389,1.496,2.992
CA,HOBBIES_1_390,1.422,2.845
CA,HOBBIES_1_391,0.485,0.97
CA,HOBBIES_1_392,1.622,3.245
CA,HOBBIES_1_393,3.496,6.992
CA,HOBBIES_1_394,0.972,1.945
CA,HOBBIES_1_395,0.935,1.87
CA,HOBBIES_1_396,0.235,0.47
CA,HOBBIES_1_397,0.528,1.055
CA,HOBBIES_1_398,0.059,0.118
CA,HOBBIES_1_399,0.242,0.485
CA,HOBBIES_1_400,0.122,0.245
CA,HOBBIES_1_401,0.246,0.492
CA,HOBBIES_1_402,1.168,2.335
CA,HOBBIES_1_403,1.435,2.87
CA,HOBBIES_1_404,0.062,0.125
CA,HOBBIES_1_405,1.334,2.668
CA,HOBBIES_1_406,0.485,0.97
CA,HOBBIES_1_407,0.312,0.625
CA,HOBBIES_1_408,0.071,0.142
CA,HOBBIES_1_409,0.622,1.245
CA,HOBBIES_1_410,3.496,6.992
CA,HOBBIES_1_411,0.125,0.25
CA,HOBBIES_1_412,0.248,0.495
CA,HOBBIES_1_413,0.582,1.165
CA,HOBBIES_1_414,0.859,1.718
CA,HOBBIES_1_415,0.805,1.61
CA,HOBBIES_1_416,0.621,1.242
CA,HOBBIES_1_417,0.059,0.118
CA,HOBBIES_1_418,0.468,0.935
CA,HOBBIES_1_419,0.748,1.495
CA,HOBBIES_1_420,0.679,1.358
CA,HOBBIES_1_421,0.99,1.98
CA,HOBBIES_1_422,0.359,0.718
CA,HOBBIES_1_423,0.91,1.82
CA,HOBBIES_1_424,0.195,0.39
CA,HOBBIES_2_001,0.684,1.368
CA,HOBBIES_2_002,0.246,0.492
CA,HOBBIES_2_003,0.246,0.492
CA,HOBBIES_2_004,0.309,0.618
CA,HOBBIES_2_005,0.559,1.118
CA,HOBBIES_2_006,0.434,0.868
CA,HOBBIES_2_007,0.121,0.242
CA,HOBBIES_2_008,0.434,0.868
CA,HOBBIES_2_009,0.496,0.992
CA,HOBBIES_2_010,0.121,0.242
CA,HOBBIES_2_011,0.121,0.242
CA,HOBBIES_2_012,0.246,0.492
CA,HOBBIES_2_013,0.871,1.742
CA,HOBBIES_2_014,0.121,0.242
CA,HOBBIES_2_015,0.434,0.868
CA,HOBBIES_2_016,0.621,1.242
CA,HOBBIES_2_017,0.066,0.132
CA,HOBBIES_2_018,0.421,0.842
CA,HOBBIES_2_019,0.421,0.842
CA,HOBBIES_2_020,0.434,0.868
CA,HOBBIES_2_021,0.121,0.242
CA,HOBBIES_2_022,0.621,1.242
CA,HOBBIES_2_023,0.121,0.242
CA,HOBBIES_2_024,0.596,1.192
CA,HOBBIES_2_025,0.062,0.125
CA,HOBBIES_2_026,0.029,0.058
CA,HOBBIES_2_027,0.309,0.618
CA,HOBBIES_2_028,0.096,0.192
CA,HOBBIES_2_029,0.31,0.62
CA,HOBBIES_2_030,0.109,0.218
CA,HOBBIES_2_031,0.871,1.742
CA,HOBBIES_2_032,0.125,0.25
CA,HOBBIES_2_033,0.322,0.645
CA,HOBBIES_2_034,0.309,0.618
CA,HOBBIES_2_035,0.559,1.118
CA,HOBBIES_2_036,0.121,0.242
CA,HOBBIES_2_037,0.109,0.218
CA,HOBBIES_2_038,0.121,0.242
CA,HOBBIES_2_039,0.621,1.242
CA,HOBBIES_2_040,0.11,0.22
CA,HOBBIES_2_041,0.246,0.492
CA,HOBBIES_2_042,0.184,0.368
CA,HOBBIES_2_043,0.121,0.242
CA,HOBBIES_2_044,0.559,1.118
CA,HOBBIES_2_045,0.371,0.742
CA,HOBBIES_2_046,0.309,0.618
CA,HOBBIES_2_047,0.071,0.142
CA,HOBBIES_2_048,0.31,0.62
CA,HOBBIES_2_049,0.309,0.618
CA,HOBBIES_2_050,0.246,0.492
CA,HOBBIES_2_051,0.184,0.368
CA,HOBBIES_2_052,0.309,0.618
CA,HOBBIES_2_053,0.559,1.118
CA,HOBBIES_2_054,0.621,1.242
CA,HOBBIES_2_055,0.309,0.618
CA,HOBBIES_2_056,0.438,0.875
CA,HOBBIES_2_057,0.246,0.492
CA,HOBBIES_2_058,0.062,0.125
CA,HOBBIES_2_059,0.031,0.062
CA,HOBBIES_2_060,0.121,0.242
CA,HOBBIES_2_061,0.246,0.492
CA,HOBBIES_2_062,0.621,1.242
CA,HOBBIES_2_063,0.109,0.218
CA,HOBBIES_2_064,0.121,0.242
CA,HOBBIES_2_065,0.062,0.125
CA,HOBBIES_2_066,0.621,1.242
CA,HOBBIES_2_067,0.371,0.742
CA,HOBBIES_2_068,0.246,0.492
CA,HOBBIES_2_069,0.371,0.742
CA,HOBBIES_2_070,1.246,2.492
CA,HOBBIES_2_071,0.121,0.242
CA,HOBBIES_2_072,0.746,1.492
CA,HOBBIES_2_073,0.066,0.132
CA,HOBBIES_2_074,0.496,0.992
CA,HOBBIES_2_075,0.31,0.62
CA,HOBBIES_2_076,0.322,0.645
CA,HOBBIES_2_077,1.246,2.492
CA,HOBBIES_2_078,0.621,1.242
CA,HOBBIES_2_079,0.246,0.492
CA,HOBBIES_2_080,0.5,1.0
CA,HOBBIES_2_081,0.309,0.618
CA,HOBBIES_2_082,0.11,0.22
CA,HOBBIES_2_083,0.31,0.62
CA,HOBBIES_2_084,0.871,1.742
CA,HOBBIES_2_085,0.121,0.242
CA,HOBBIES_2_086,0.121,0.242
CA,HOBBIES_2_087,0.121,0.242
CA,HOBBIES_2_088,0.334,0.668
CA,HOBBIES_2_089,0.371,0.742
CA,HOBBIES_2_090,0.196,0.392
CA,HOBBIES_2_091,0.121,0.242
CA,HOBBIES_2_092,0.621,1.242
CA,HOBBIES_2_093,0.246,0.492
CA,HOBBIES_2_094,0.309,0.618
CA,HOBBIES_2_095,0.11,0.22
CA,HOBBIES_2_096,0.309,0.618
CA,HOBBIES_2_097,0.246,0.492
CA,HOBBIES_2_098,0.096,0.192
CA,HOBBIES_2_099,0.121,0.242
CA,HOBBIES_2_100,0.096,0.192
CA,HOBBIES_2_101,0.066,0.132
CA,HOBBIES_2_102,0.746,1.492
CA,HOBBIES_2_103,0.309,0.618
CA,HOBBIES_2_104,0.371,0.742
CA,HOBBIES_2_105,0.309,0.618
CA,HOBBIES_2_106,0.121,0.242
CA,HOBBIES_2_107,0.066,0.132
CA,HOBBIES_2_108,0.371,0.742
CA,HOBBIES_2_109,0.121,0.242
CA,HOBBIES_2_110,0.746,1.492
CA,HOBBIES_2_111,0.496,0.992
CA,HOBBIES_2_112,0.246,0.492
CA,HOBBIES_2_113,0.621,1.242
CA,HOBBIES_2_114,0.309,0.618
CA,HOBBIES_2_115,0.371,0.742
CA,HOBBIES_2_116,0.371,0.742
CA,HOBBIES_2_117,0.31,0.62
CA,HOBBIES_2_118,0.496,0.992
CA,HOBBIES_2_119,0.434,0.868
CA,HOBBIES_2_120,0.309,0.618
CA,HOBBIES_2_121,0.121,0.242
CA,HOBBIES_2_122,0.096,0.192
CA,HOBBIES_2_123,0.066,0.132
CA,HOBBIES_2_124,0.029,0.058
CA,HOBBIES_2_125,0.109,0.218
CA,HOBBIES_2_126,0.062,0.125
CA,HOBBIES_2_127,0.496,0.992
CA,HOBBIES_2_128,0.496,0.992
CA,HOBBIES_2_129,0.031,0.062
CA,HOBBIES_2_130,0.871,1.742
CA,HOBBIES_2_131,0.746,1.492
CA,HOBBIES_2_132,0.36,0.72
CA,HOBBIES_2_133,0.31,0.62
CA,HOBBIES_2_134,0.871,1.742
CA,HOBBIES_2_135,0.066,0.132
CA,HOBBIES_2_136,0.31,0.62
CA,HOBBIES_2_137,0.371,0.742
CA,HOBBIES_2_138,0.121,0.242
CA,HOBBIES_2_139,0.621,1.242
CA,HOBBIES_2_140,0.346,0.692
CA,HOBBIES_2_141,0.066,0.132
CA,HOBBIES_2_142,0.031,0.062
CA,HOBBIES_2_143,0.159,0.318
CA,HOBBIES_2_144,0.071,0.142
CA,HOBBIES_2_145,0.31,0.62
CA,HOBBIES_2_146,0.246,0.492
CA,HOBBIES_2_147,0.121,0.242
CA,HOBBIES_2_148,0.096,0.192
CA,HOBBIES_2_149,0.309,0.618
CA,HOUSEHOLD_1_001,0.632,1.264
CA,HOUSEHOLD_1_002,0.632,1.264
CA,HOUSEHOLD_1_003,0.897,1.794
CA,HOUSEHOLD_1_004,0.198,0.396
CA,HOUSEHOLD_1_005,1.072,2.144
CA,HOUSEHOLD_1_006,0.697,1.394
CA,HOUSEHOLD_1_007,0.154,0.308
CA,HOUSEHOLD_1_008,0.498,0.996
CA,HOUSEHOLD_1_009,1.797,3.594
CA,HOUSEHOLD_1_010,0.287,0.574
CA,HOUSEHOLD_1_011,0.463,0.926
CA,HOUSEHOLD_1_012,0.336,0.672
CA,HOUSEHOLD_1_013,0.497,0.994
CA,HOUSEHOLD_1_014,1.797,3.594
CA,HOUSEHOLD_1_015,0.474,0.948
CA,HOUSEHOLD_1_016,0.488,0.976
CA,HOUSEHOLD_1_017,0.497,0.994
CA,HOUSEHOLD_1_018,1.047,2.094
CA,HOUSEHOLD_1_019,0.098,0.196
CA,HOUSEHOLD_1_020,0.697,1.394
CA,HOUSEHOLD_1_021,0.198,0.396
CA,HOUSEHOLD_1_022,0.484,0.968
CA,HOUSEHOLD_1_023,0.897,1.794
CA,HOUSEHOLD_1_024,0.147,0.294
CA,HOUSEHOLD_1_025,0.298,0.596
CA,HOUSEHOLD_1_026,0.287,0.574
CA,HOUSEHOLD_1_027,0.524,1.048
CA,HOUSEHOLD_1_028,0.266,0.532
CA,HOUSEHOLD_1_029,0.598,1.196
CA,HOUSEHOLD_1_030,0.497,0.994
CA,HOUSEHOLD_1_032,1.086,2.172
CA,HOUSEHOLD_1_033,0.392,0.784
CA,HOUSEHOLD_1_034,0.394,0.788
CA,HOUSEHOLD_1_035,0.463,0.926
CA,HOUSEHOLD_1_036,0.298,0.596
CA,HOUSEHOLD_1_037,0.397,0.794
CA,HOUSEHOLD_1_038,0.496,0.992
CA,HOUSEHOLD_1_039,0.266,0.532
CA,HOUSEHOLD_1_040,0.397,0.794
CA,HOUSEHOLD_1_042,1.047,2.094
CA,HOUSEHOLD_1_043,0.297,0.594
CA,HOUSEHOLD_1_044,1.797,3.594
CA,HOUSEHOLD_1_045,0.247,0.494
CA,HOUSEHOLD_1_046,0.378,0.756
CA,HOUSEHOLD_1_047,0.397,0.794
CA,HOUSEHOLD_1_048,0.284,0.568
CA,HOUSEHOLD_1_049,0.597,1.194
CA,HOUSEHOLD_1_050,0.35,0.7
CA,HOUSEHOLD_1_051,0.296,0.592
CA,HOUSEHOLD_1_052,0.397,0.794
CA,HOUSEHOLD_1_053,1.497,2.994
CA,HOUSEHOLD_1_054,0.392,0.784
CA,HOUSEHOLD_1_055,0.386,0.772
CA,HOUSEHOLD_1_056,1.197,2.394
CA,HOUSEHOLD_1_057,0.166,0.332
CA,HOUSEHOLD_1_058,0.648,1.296
CA,HOUSEHOLD_1_059,0.297,0.594
CA,HOUSEHOLD_1_060,2.997,5.994
CA,HOUSEHOLD_1_061,0.188,0.376
CA,HOUSEHOLD_1_062,0.498,0.996
CA,HOUSEHOLD_1_063,1.047,2.094
CA,HOUSEHOLD_1_064,0.578,1.156
CA,HOUSEHOLD_1_065,0.098,0.196
CA,HOUSEHOLD_1_066,0.307,0.614
CA,HOUSEHOLD_1_067,0.418,0.836
CA,HOUSEHOLD_1_068,0.697,1.394
CA,HOUSEHOLD_1_069,0.197,0.394
CA,HOUSEHOLD_1_070,0.337,0.674
CA,HOUSEHOLD_1_071,0.198,0.396
CA,HOUSEHOLD_1_072,0.848,1.696
CA,HOUSEHOLD_1_073,0.798,1.596
CA,HOUSEHOLD_1_074,0.644,1.288
CA,HOUSEHOLD_1_075,0.273,0.546
CA,HOUSEHOLD_1_076,0.498,0.996
CA,HOUSEHOLD_1_077,0.698,1.396
CA,HOUSEHOLD_1_078,0.284,0.568
CA,HOUSEHOLD_1_079,0.488,0.976
CA,HOUSEHOLD_1_080,0.997,1.994
CA,HOUSEHOLD_1_081,0.847,1.694
CA,HOUSEHOLD_1_082,0.348,0.696
CA,HOUSEHOLD_1_083,0.098,0.196
CA,HOUSEHOLD_1_085,1.578,3.156
CA,HOUSEHOLD_1_086,0.462,0.924
CA,HOUSEHOLD_1_087,0.337,0.674
CA,HOUSEHOLD_1_088,0.597,1.194
CA,HOUSEHOLD_1_089,0.474,0.948
CA,HOUSEHOLD_1_090,0.296,0.592
CA,HOUSEHOLD_1_091,0.677,1.354
CA,HOUSEHOLD_1_092,0.166,0.332
CA,HOUSEHOLD_1_093,0.398,0.796
CA,HOUSEHOLD_1_094,0.317,0.634
CA,HOUSEHOLD_1_095,0.632,1.264
CA,HOUSEHOLD_1_096,0.35,0.7
CA,HOUSEHOLD_1_097,0.397,0.794
CA,HOUSEHOLD_1_098,0.798,1.596
CA,HOUSEHOLD_1_099,0.232,0.464
CA,HOUSEHOLD_1_100,0.833,1.666
CA,HOUSEHOLD_1_101,0.232,0.464
CA,HOUSEHOLD_1_102,1.797,3.594
CA,HOUSEHOLD_1_103,0.497,0.994
CA,HOUSEHOLD_1_104,0.297,0.594
CA,HOUSEHOLD_1_105,0.392,0.784
CA,HOUSEHOLD_1_106,0.897,1.794
CA,HOUSEHOLD_1_107,0.348,0.696
CA,HOUSEHOLD_1_108,0.474,0.948
CA,HOUSEHOLD_1_109,0.326,0.652
CA,HOUSEHOLD_1_110,0.35,0.7
CA,HOUSEHOLD_1_112,0.297,0.594
CA,HOUSEHOLD_1_113,0.647,1.294
CA,HOUSEHOLD_1_114,0.097,0.194
CA,HOUSEHOLD_1_115,0.497,0.994
CA,HOUSEHOLD_1_116,0.297,0.594
CA,HOUSEHOLD_1_117,0.897,1.794
CA,HOUSEHOLD_1_118,0.097,0.194
CA,HOUSEHOLD_1_119,0.286,0.572
CA,HOUSEHOLD_1_120,0.447,0.894
CA,HOUSEHOLD_1_121,0.248,0.496
CA,HOUSEHOLD_1_122,0.226,0.452
CA,HOUSEHOLD_1_123,0.897,1.794
CA,HOUSEHOLD_1_124,0.398,0.796
CA,HOUSEHOLD_1_125,0.572,1.144
CA,HOUSEHOLD_1_126,0.797,1.594
CA,HOUSEHOLD_1_127,0.798,1.596
CA,HOUSEHOLD_1_128,0.257,0.514
CA,HOUSEHOLD_1_129,0.378,0.756
CA,HOUSEHOLD_1_130,0.698,1.396
CA,HOUSEHOLD_1_131,0.494,0.988
CA,HOUSEHOLD_1_132,0.188,0.376
CA,HOUSEHOLD_1_133,0.312,0.624
CA,HOUSEHOLD_1_134,0.397,0.794
CA,HOUSEHOLD_1_135,0.152,0.304
CA,HOUSEHOLD_1_136,0.397,0.794
CA,HOUSEHOLD_1_137,1.298,2.596
CA,HOUSEHOLD_1_138,0.497,0.994
CA,HOUSEHOLD_1_139,0.498,0.996
CA,HOUSEHOLD_1_140,1.5,3.0
CA,HOUSEHOLD_1_141,0.178,0.356
CA,HOUSEHOLD_1_142,0.597,1.194
CA,HOUSEHOLD_1_143,0.197,0.394
CA,HOUSEHOLD_1_144,0.297,0.594
CA,HOUSEHOLD_1_145,0.198,0.396
CA,HOUSEHOLD_1_146,0.589,1.178
CA,HOUSEHOLD_1_147,0.127,0.254
CA,HOUSEHOLD_1_148,0.588,1.176
CA,HOUSEHOLD_1_149,0.097,0.194
CA,HOUSEHOLD_1_150,1.186,2.372
CA,HOUSEHOLD_1_151,0.088,0.176
CA,HOUSEHOLD_1_152,0.998,1.996
CA,HOUSEHOLD_1_153,0.197,0.394
CA,HOUSEHOLD_1_154,0.328,0.656
CA,HOUSEHOLD_1_155,0.347,0.694
CA,HOUSEHOLD_1_156,0.273,0.546
CA,HOUSEHOLD_1_157,0.424,0.848
CA,HOUSEHOLD_1_158,0.324,0.648
CA,HOUSEHOLD_1_159,0.793,1.586
CA,HOUSEHOLD_1_160,1.047,2.094
CA,HOUSEHOLD_1_161,1.288,2.576
CA,HOUSEHOLD_1_162,0.524,1.048
CA,HOUSEHOLD_1_163,0.998,1.996
CA,HOUSEHOLD_1_164,0.287,0.574
CA,HOUSEHOLD_1_165,1.797,3.594
CA,HOUSEHOLD_1_166,0.497,0.994
CA,HOUSEHOLD_1_167,0.298,0.596
CA,HOUSEHOLD_1_168,0.297,0.594
CA,HOUSEHOLD_1_169,0.298,0.596
CA,HOUSEHOLD_1_170,0.196,0.392
CA,HOUSEHOLD_1_171,0.897,1.794
CA,HOUSEHOLD_1_172,0.212,0.424
CA,HOUSEHOLD_1_173,0.097,0.194
CA,HOUSEHOLD_1_174,0.487,0.974
CA,HOUSEHOLD_1_175,0.488,0.976
CA,HOUSEHOLD_1_176,0.378,0.756
CA,HOUSEHOLD_1_177,0.797,1.594
CA,HOUSEHOLD_1_178,0.427,0.854
CA,HOUSEHOLD_1_179,0.094,0.188
CA,HOUSEHOLD_1_180,0.25,0.5
CA,HOUSEHOLD_1_181,0.392,0.784
CA,HOUSEHOLD_1_182,0.447,0.894
CA,HOUSEHOLD_1_183,0.488,0.976
CA,HOUSEHOLD_1_184,1.197,2.394
CA,HOUSEHOLD_1_185,0.287,0.574
CA,HOUSEHOLD_1_186,0.296,0.592
CA,HOUSEHOLD_1_187,0.648,1.296
CA,HOUSEHOLD_1_188,0.398,0.796
CA,HOUSEHOLD_1_189,0.548,1.096
CA,HOUSEHOLD_1_190,0.497,0.994
CA,HOUSEHOLD_1_191,0.328,0.656
CA,HOUSEHOLD_1_192,0.362,0.724
CA,HOUSEHOLD_1_193,0.242,0.484
CA,HOUSEHOLD_1_194,0.498,0.996
CA,HOUSEHOLD_1_195,0.388,0.776
CA,HOUSEHOLD_1_196,0.188,0.376
CA,HOUSEHOLD_1_197,0.472,0.944
CA,HOUSEHOLD_1_198,0.098,0.196
CA,HOUSEHOLD_1_199,0.166,0.332
CA,HOUSEHOLD_1_200,0.198,0.396
CA,HOUSEHOLD_1_201,0.484,0.968
CA,HOUSEHOLD_1_202,0.198,0.396
CA,HOUSEHOLD_1_203,0.497,0.994
CA,HOUSEHOLD_1_204,0.188,0.376
CA,HOUSEHOLD_1_205,0.597,1.194
CA,HOUSEHOLD_1_206,0.447,0.894
CA,HOUSEHOLD_1_207,0.797,1.594
CA,HOUSEHOLD_1_208,0.097,0.194
CA,HOUSEHOLD_1_209,0.362,0.724
CA,HOUSEHOLD_1_210,0.447,0.894
CA,HOUSEHOLD_1_211,0.382,0.764
CA,HOUSEHOLD_1_212,0.522,1.044
CA,HOUSEHOLD_1_213,0.448,0.896
CA,HOUSEHOLD_1_214,0.172,0.344
CA,HOUSEHOLD_1_215,0.212,0.424
CA,HOUSEHOLD_1_216,1.197,2.394
CA,HOUSEHOLD_1_217,0.197,0.394
CA,HOUSEHOLD_1_218,0.198,0.396
CA,HOUSEHOLD_1_219,0.698,1.396
CA,HOUSEHOLD_1_220,0.197,0.394
CA,HOUSEHOLD_1_221,1.197,2.394
CA,HOUSEHOLD_1_222,1.047,2.094
CA,HOUSEHOLD_1_223,0.947,1.894
CA,HOUSEHOLD_1_224,0.897,1.794
CA,HOUSEHOLD_1_225,0.164,0.328
CA,HOUSEHOLD_1_226,0.298,0.596
CA,HOUSEHOLD_1_227,0.273,0.546
CA,HOUSEHOLD_1_228,0.887,1.774
CA,HOUSEHOLD_1_229,0.238,0.476
CA,HOUSEHOLD_1_230,0.292,0.584
CA,HOUSEHOLD_1_231,0.298,0.596
CA,HOUSEHOLD_1_232,0.397,0.794
CA,HOUSEHOLD_1_233,1.197,2.394
CA,HOUSEHOLD_1_234,0.097,0.194
CA,HOUSEHOLD_1_235,0.332,0.664
CA,HOUSEHOLD_1_236,0.237,0.474
CA,HOUSEHOLD_1_237,0.588,1.176
CA,HOUSEHOLD_1_238,0.248,0.496
CA,HOUSEHOLD_1_239,0.397,0.794
CA,HOUSEHOLD_1_241,0.794,1.588
CA,HOUSEHOLD_1_242,0.488,0.976
CA,HOUSEHOLD_1_243,0.197,0.394
CA,HOUSEHOLD_1_244,0.338,0.676
CA,HOUSEHOLD_1_245,0.263,0.526
CA,HOUSEHOLD_1_246,0.398,0.796
CA,HOUSEHOLD_1_247,0.097,0.194
CA,HOUSEHOLD_1_248,0.897,1.794
CA,HOUSEHOLD_1_249,0.797,1.594
CA,HOUSEHOLD_1_250,0.268,0.536
CA,HOUSEHOLD_1_251,0.198,0.396
CA,HOUSEHOLD_1_252,0.947,1.894
CA,HOUSEHOLD_1_253,0.362,0.724
CA,HOUSEHOLD_1_254,0.098,0.196
CA,HOUSEHOLD_1_255,0.887,1.774
CA,HOUSEHOLD_1_256,0.597,1.194
CA,HOUSEHOLD_1_257,0.524,1.048
CA,HOUSEHOLD_1_258,0.297,0.594
CA,HOUSEHOLD_1_259,1.044,2.088
CA,HOUSEHOLD_1_260,0.297,0.594
CA,HOUSEHOLD_1_261,0.597,1.194
CA,HOUSEHOLD_1_262,0.097,0.194
CA,HOUSEHOLD_1_263,0.798,1.596
CA,HOUSEHOLD_1_264,0.697,1.394
CA,HOUSEHOLD_1_265,0.446,0.892
CA,HOUSEHOLD_1_266,0.288,0.576
CA,HOUSEHOLD_1_267,0.974,1.948
CA,HOUSEHOLD_1_268,0.797,1.594
CA,HOUSEHOLD_1_269,0.296,0.592
CA,HOUSEHOLD_1_270,0.998,1.996
CA,HOUSEHOLD_1_271,0.298,0.596
CA,HOUSEHOLD_1_272,0.997,1.994
CA,HOUSEHOLD_1_274,0.494,0.988
CA,HOUSEHOLD_1_275,0.297,0.594
CA,HOUSEHOLD_1_276,1.578,3.156
CA,HOUSEHOLD_1_277,0.098,0.196
CA,HOUSEHOLD_1_278,0.647,1.294
CA,HOUSEHOLD_1_279,0.097,0.194
CA,HOUSEHOLD_1_280,0.497,0.994
CA,HOUSEHOLD_1_281,0.447,0.894
CA,HOUSEHOLD_1_282,0.288,0.576
CA,HOUSEHOLD_1_283,0.148,0.296
CA,HOUSEHOLD_1_284,0.497,0.994
CA,HOUSEHOLD_1_285,0.276,0.552
CA,HOUSEHOLD_1_286,0.493,0.986
CA,HOUSEHOLD_1_287,0.463,0.926
CA,HOUSEHOLD_1_288,0.847,1.694
CA,HOUSEHOLD_1_289,0.474,0.948
CA,HOUSEHOLD_1_290,0.988,1.976
CA,HOUSEHOLD_1_291,0.376,0.752
CA,HOUSEHOLD_1_292,0.698,1.396
CA,HOUSEHOLD_1_293,1.247,2.494
CA,HOUSEHOLD_1_294,0.197,0.394
CA,HOUSEHOLD_1_295,0.298,0.596
CA,HOUSEHOLD_1_296,0.497,0.994
CA,HOUSEHOLD_1_297,0.848,1.696
CA,HOUSEHOLD_1_298,0.376,0.752
CA,HOUSEHOLD_1_299,0.497,0.994
CA,HOUSEHOLD_1_300,0.488,0.976
CA,HOUSEHOLD_1_301,0.497,0.994
CA,HOUSEHOLD_1_302,0.987,1.974
CA,HOUSEHOLD_1_303,0.094,0.188
CA,HOUSEHOLD_1_304,0.198,0.396
CA,HOUSEHOLD_1_305,0.297,0.594
CA,HOUSEHOLD_1_306,0.197,0.394
CA,HOUSEHOLD_1_307,0.287,0.574
CA,HOUSEHOLD_1_308,0.694,1.388
CA,HOUSEHOLD_1_309,0.653,1.306
CA,HOUSEHOLD_1_310,0.797,1.594
CA,HOUSEHOLD_1_311,0.397,0.794
CA,HOUSEHOLD_1_312,0.228,0.456
CA,HOUSEHOLD_1_313,0.447,0.894
CA,HOUSEHOLD_1_314,0.798,1.596
CA,HOUSEHOLD_1_315,0.948,1.896
CA,HOUSEHOLD_1_316,0.398,0.796
CA,HOUSEHOLD_1_317,0.196,0.392
CA,HOUSEHOLD_1_318,0.25,0.5
CA,HOUSEHOLD_1_319,0.198,0.396
CA,HOUSEHOLD_1_320,0.494,0.988
CA,HOUSEHOLD_1_321,0.296,0.592
CA,HOUSEHOLD_1_322,0.287,0.574
CA,HOUSEHOLD_1_323,0.474,0.948
CA,HOUSEHOLD_1_324,0.597,1.194
CA,HOUSEHOLD_1_325,0.332,0.664
CA,HOUSEHOLD_1_326,0.488,0.976
CA,HOUSEHOLD_1_327,0.094,0.188
CA,HOUSEHOLD_1_328,0.447,0.894
CA,HOUSEHOLD_1_329,0.497,0.994
CA,HOUSEHOLD_1_330,0.242,0.484
CA,HOUSEHOLD_1_331,0.488,0.976
CA,HOUSEHOLD_1_332,0.974,1.948
CA,HOUSEHOLD_1_333,0.273,0.546
CA,HOUSEHOLD_1_334,0.098,0.196
CA,HOUSEHOLD_1_335,0.897,1.794
CA,HOUSEHOLD_1_336,0.487,0.974
CA,HOUSEHOLD_1_337,0.497,0.994
CA,HOUSEHOLD_1_338,0.398,0.796
CA,HOUSEHOLD_1_339,0.098,0.196
CA,HOUSEHOLD_1_340,0.474,0.948
CA,HOUSEHOLD_1_341,0.488,0.976
CA,HOUSEHOLD_1_342,1.797,3.594
CA,HOUSEHOLD_1_343,0.462,0.924
CA,HOUSEHOLD_1_344,0.798,1.596
CA,HOUSEHOLD_1_345,0.372,0.744
CA,HOUSEHOLD_1_346,0.423,0.846
CA,HOUSEHOLD_1_347,0.797,1.594
CA,HOUSEHOLD_1_348,0.198,0.396
CA,HOUSEHOLD_1_349,0.298,0.596
CA,HOUSEHOLD_1_350,0.298,0.596
CA,HOUSEHOLD_1_351,0.098,0.196
CA,HOUSEHOLD_1_353,0.344,0.688
CA,HOUSEHOLD_1_354,0.193,0.386
CA,HOUSEHOLD_1_355,0.847,1.694
CA,HOUSEHOLD_1_356,0.596,1.192
CA,HOUSEHOLD_1_357,1.197,2.394
CA,HOUSEHOLD_1_358,0.997,1.994
CA,HOUSEHOLD_1_359,0.547,1.094
CA,HOUSEHOLD_1_360,0.397,0.794
CA,HOUSEHOLD_1_361,0.174,0.348
CA,HOUSEHOLD_1_362,0.797,1.594
CA,HOUSEHOLD_1_363,0.297,0.594
CA,HOUSEHOLD_1_364,0.699,1.398
CA,HOUSEHOLD_1_365,0.382,0.764
CA,HOUSEHOLD_1_366,0.596,1.192
CA,HOUSEHOLD_1_367,0.397,0.794
CA,HOUSEHOLD_1_368,0.968,1.936
CA,HOUSEHOLD_1_369,0.376,0.752
CA,HOUSEHOLD_1_370,0.698,1.396
CA,HOUSEHOLD_1_371,0.494,0.988
CA,HOUSEHOLD_1_372,0.197,0.394
CA,HOUSEHOLD_1_373,0.322,0.644
CA,HOUSEHOLD_1_374,0.397,0.794
CA,HOUSEHOLD_1_375,0.797,1.594
CA,HOUSEHOLD_1_376,0.442,0.884
CA,HOUSEHOLD_1_377,0.797,1.594
CA,HOUSEHOLD_1_378,2.298,4.596
CA,HOUSEHOLD_1_379,0.097,0.194
CA,HOUSEHOLD_1_380,0.457,0.914
CA,HOUSEHOLD_1_381,0.418,0.836
CA,HOUSEHOLD_1_382,0.228,0.456
CA,HOUSEHOLD_1_383,0.348,0.696
CA,HOUSEHOLD_1_384,0.484,0.968
CA,HOUSEHOLD_1_385,0.197,0.394
CA,HOUSEHOLD_1_386,0.296,0.592
CA,HOUSEHOLD_1_387,0.296,0.592
CA,HOUSEHOLD_1_388,0.362,0.724
CA,HOUSEHOLD_1_389,0.094,0.188
CA,HOUSEHOLD_1_390,0.188,0.376
CA,HOUSEHOLD_1_393,0.198,0.396
CA,HOUSEHOLD_1_394,0.488,0.976
CA,HOUSEHOLD_1_395,0.488,0.976
CA,HOUSEHOLD_1_396,0.413,0.826
CA,HOUSEHOLD_1_397,0.278,0.556
CA,HOUSEHOLD_1_398,0.296,0.592
CA,HOUSEHOLD_1_399,0.107,0.214
CA,HOUSEHOLD_1_400,0.697,1.394
CA,HOUSEHOLD_1_401,0.887,1.774
CA,HOUSEHOLD_1_402,0.697,1.394
CA,HOUSEHOLD_1_403,0.428,0.856
CA,HOUSEHOLD_1_404,0.257,0.514
CA,HOUSEHOLD_1_405,0.298,0.596
CA,HOUSEHOLD_1_406,0.447,0.894
CA,HOUSEHOLD_1_407,0.524,1.048
CA,HOUSEHOLD_1_408,0.586,1.172
CA,HOUSEHOLD_1_409,0.298,0.596
CA,HOUSEHOLD_1_410,0.397,0.794
CA,HOUSEHOLD_1_411,0.297,0.594
CA,HOUSEHOLD_1_412,1.797,3.594
CA,HOUSEHOLD_1_413,1.797,3.594
CA,HOUSEHOLD_1_414,0.094,0.188
CA,HOUSEHOLD_1_415,1.197,2.394
CA,HOUSEHOLD_1_416,0.332,0.664
CA,HOUSEHOLD_1_417,0.548,1.096
CA,HOUSEHOLD_1_418,0.098,0.196
CA,HOUSEHOLD_1_419,0.894,1.788
CA,HOUSEHOLD_1_420,0.648,1.296
CA,HOUSEHOLD_1_421,0.547,1.094
CA,HOUSEHOLD_1_422,0.398,0.796
CA,HOUSEHOLD_1_423,0.298,0.596
CA,HOUSEHOLD_1_424,0.297,0.594
CA,HOUSEHOLD_1_425,0.197,0.394
CA,HOUSEHOLD_1_426,0.248,0.496
CA,HOUSEHOLD_1_427,0.596,1.192
CA,HOUSEHOLD_1_428,0.797,1.594
CA,HOUSEHOLD_1_429,0.298,0.596
CA,HOUSEHOLD_1_430,0.097,0.194
CA,HOUSEHOLD_1_431,0.712,1.424
CA,HOUSEHOLD_1_432,0.386,0.772
CA,HOUSEHOLD_1_433,0.897,1.794
CA,HOUSEHOLD_1_434,0.373,0.746
CA,HOUSEHOLD_1_435,0.798,1.596
CA,HOUSEHOLD_1_436,1.097,2.194
CA,HOUSEHOLD_1_437,0.328,0.656
CA,HOUSEHOLD_1_438,0.656,1.312
CA,HOUSEHOLD_1_439,0.094,0.188
CA,HOUSEHOLD_1_440,1.497,2.994
CA,HOUSEHOLD_1_441,0.277,0.554
CA,HOUSEHOLD_1_442,0.897,1.794
CA,HOUSEHOLD_1_443,0.237,0.474
CA,HOUSEHOLD_1_444,0.488,0.976
CA,HOUSEHOLD_1_445,0.188,0.376
CA,HOUSEHOLD_1_446,0.388,0.776
CA,HOUSEHOLD_1_447,0.098,0.196
CA,HOUSEHOLD_1_448,0.098,0.196
CA,HOUSEHOLD_1_449,1.497,2.994
CA,HOUSEHOLD_1_450,0.347,0.694
CA,HOUSEHOLD_1_451,0.647,1.294
CA,HOUSEHOLD_1_452,0.347,0.694
CA,HOUSEHOLD_1_453,0.198,0.396
CA,HOUSEHOLD_1_454,0.297,0.594
CA,HOUSEHOLD_1_455,0.297,0.594
CA,HOUSEHOLD_1_456,0.697,1.394
CA,HOUSEHOLD_1_457,0.997,1.994
CA,HOUSEHOLD_1_458,0.247,0.494
CA,HOUSEHOLD_1_459,0.098,0.196
CA,HOUSEHOLD_1_460,0.397,0.794
CA,HOUSEHOLD_1_461,0.097,0.194
CA,HOUSEHOLD_1_462,0.237,0.474
CA,HOUSEHOLD_1_463,0.298,0.596
CA,HOUSEHOLD_1_464,0.887,1.774
CA,HOUSEHOLD_1_465,0.098,0.196
CA,HOUSEHOLD_1_466,0.397,0.794
CA,HOUSEHOLD_1_467,1.197,2.394
CA,HOUSEHOLD_1_468,0.494,0.988
CA,HOUSEHOLD_1_469,1.797,3.594
CA,HOUSEHOLD_1_470,0.298,0.596
CA,HOUSEHOLD_1_471,0.248,0.496
CA,HOUSEHOLD_1_472,0.482,0.964
CA,HOUSEHOLD_1_473,0.198,0.396
CA,HOUSEHOLD_1_474,0.097,0.194
CA,HOUSEHOLD_1_475,0.253,0.506
CA,HOUSEHOLD_1_476,0.484,0.968
CA,HOUSEHOLD_1_477,1.242,2.484
CA,HOUSEHOLD_1_478,0.242,0.484
CA,HOUSEHOLD_1_479,0.752,1.504
CA,HOUSEHOLD_1_480,0.277,0.554
CA,HOUSEHOLD_1_481,0.497,0.994
CA,HOUSEHOLD_1_482,0.328,0.656
CA,HOUSEHOLD_1_483,0.454,0.908
CA,HOUSEHOLD_1_484,0.997,1.994
CA,HOUSEHOLD_1_485,0.297,0.594
CA,HOUSEHOLD_1_486,1.797,3.594
CA,HOUSEHOLD_1_487,0.187,0.374
CA,HOUSEHOLD_1_488,0.998,1.996
CA,HOUSEHOLD_1_489,0.997,1.994
CA,HOUSEHOLD_1_490,1.147,2.294
CA,HOUSEHOLD_1_491,0.648,1.296
CA,HOUSEHOLD_1_492,0.358,0.716
CA,HOUSEHOLD_1_493,0.273,0.546
CA,HOUSEHOLD_1_494,0.797,1.594
CA,HOUSEHOLD_1_495,0.374,0.748
CA,HOUSEHOLD_1_496,0.793,1.586
CA,HOUSEHOLD_1_497,1.547,3.094
CA,HOUSEHOLD_1_498,0.322,0.644
CA,HOUSEHOLD_1_499,0.397,0.794
CA,HOUSEHOLD_1_500,0.444,0.888
CA,HOUSEHOLD_1_501,0.397,0.794
CA,HOUSEHOLD_1_502,0.397,0.794
CA,HOUSEHOLD_1_503,0.094,0.188
CA,HOUSEHOLD_1_504,0.296,0.592
CA,HOUSEHOLD_1_505,0.237,0.474
CA,HOUSEHOLD_1_506,0.332,0.664
CA,HOUSEHOLD_1_507,0.166,0.332
CA,HOUSEHOLD_1_508,0.488,0.976
CA,HOUSEHOLD_1_509,0.287,0.574
CA,HOUSEHOLD_1_510,0.497,0.994
CA,HOUSEHOLD_1_511,0.597,1.194
CA,HOUSEHOLD_1_512,0.187,0.374
CA,HOUSEHOLD_1_513,1.047,2.094
CA,HOUSEHOLD_1_514,0.35,0.7
CA,HOUSEHOLD_1_515,0.247,0.494
CA,HOUSEHOLD_1_516,0.198,0.396
CA,HOUSEHOLD_1_517,0.098,0.196
CA,HOUSEHOLD_1_518,0.697,1.394
CA,HOUSEHOLD_1_519,0.488,0.976
CA,HOUSEHOLD_1_520,0.586,1.172
CA,HOUSEHOLD_1_521,0.094,0.188
CA,HOUSEHOLD_1_522,0.174,0.348
CA,HOUSEHOLD_1_523,2.053,4.106
CA,HOUSEHOLD_1_524,0.413,0.826
CA,HOUSEHOLD_1_525,0.397,0.794
CA,HOUSEHOLD_1_526,0.494,0.988
CA,HOUSEHOLD_1_527,0.524,1.048
CA,HOUSEHOLD_1_528,0.287,0.574
CA,HOUSEHOLD_1_529,0.297,0.594
CA,HOUSEHOLD_1_530,0.197,0.394
CA,HOUSEHOLD_1_531,0.987,1.974
CA,HOUSEHOLD_1_532,0.248,0.496
CA,HOUSEHOLD_1_533,0.447,0.894
CA,HOUSEHOLD_1_534,0.997,1.994
CA,HOUSEHOLD_1_535,0.697,1.394
CA,HOUSEHOLD_1_536,0.298,0.596
CA,HOUSEHOLD_1_537,1.598,3.196
CA,HOUSEHOLD_1_538,0.348,0.696
CA,HOUSEHOLD_1_539,0.298,0.596
CA,HOUSEHOLD_1_540,0.164,0.328
CA,HOUSEHOLD_1_541,0.797,1.594
CA,HOUSEHOLD_2_001,0.647,1.294
CA,HOUSEHOLD_2_002,0.267,0.534
CA,HOUSEHOLD_2_003,0.947,1.894
CA,HOUSEHOLD_2_004,0.567,1.134
CA,HOUSEHOLD_2_005,0.547,1.094
CA,HOUSEHOLD_2_006,0.374,0.748
CA,HOUSEHOLD_2_007,0.258,0.516
CA,HOUSEHOLD_2_008,0.248,0.496
CA,HOUSEHOLD_2_009,0.5,1.0
CA,HOUSEHOLD_2_010,0.697,1.394
CA,HOUSEHOLD_2_011,0.567,1.134
CA,HOUSEHOLD_2_012,0.497,0.994
CA,HOUSEHOLD_2_013,0.594,1.188
CA,HOUSEHOLD_2_014,0.594,1.188
CA,HOUSEHOLD_2_015,0.424,0.848
CA,HOUSEHOLD_2_016,0.187,0.374
CA,HOUSEHOLD_2_017,0.372,0.744
CA,HOUSEHOLD_2_018,0.794,1.588
CA,HOUSEHOLD_2_019,0.947,1.894
CA,HOUSEHOLD_2_020,0.847,1.694
CA,HOUSEHOLD_2_021,0.427,0.854
CA,HOUSEHOLD_2_022,0.567,1.134
CA,HOUSEHOLD_2_023,0.397,0.794
CA,HOUSEHOLD_2_024,0.222,0.444
CA,HOUSEHOLD_2_025,0.547,1.094
CA,HOUSEHOLD_2_026,0.397,0.794
CA,HOUSEHOLD_2_027,0.497,0.994
CA,HOUSEHOLD_2_028,0.594,1.188
CA,HOUSEHOLD_2_029,1.097,2.194
CA,HOUSEHOLD_2_030,0.367,0.734
CA,HOUSEHOLD_2_031,0.594,1.188
CA,HOUSEHOLD_2_032,0.787,1.574
CA,HOUSEHOLD_2_033,0.697,1.394
CA,HOUSEHOLD_2_034,1.197,2.394
CA,HOUSEHOLD_2_035,0.647,1.294
CA,HOUSEHOLD_2_036,0.397,0.794
CA,HOUSEHOLD_2_037,1.027,2.054
CA,HOUSEHOLD_2_038,0.594,1.188
CA,HOUSEHOLD_2_039,0.927,1.854
CA,HOUSEHOLD_2_040,0.397,0.794
CA,HOUSEHOLD_2_041,0.527,1.054
CA,HOUSEHOLD_2_042,0.428,0.856
CA,HOUSEHOLD_2_043,0.467,0.934
CA,HOUSEHOLD_2_044,0.348,0.696
CA,HOUSEHOLD_2_045,0.787,1.574
CA,HOUSEHOLD_2_046,0.767,1.534
CA,HOUSEHOLD_2_047,0.297,0.594
CA,HOUSEHOLD_2_048,0.357,0.714
CA,HOUSEHOLD_2_049,0.342,0.684
CA,HOUSEHOLD_2_050,0.627,1.254
CA,HOUSEHOLD_2_051,0.992,1.984
CA,HOUSEHOLD_2_052,0.497,0.994
CA,HOUSEHOLD_2_053,0.192,0.384
CA,HOUSEHOLD_2_054,0.447,0.894
CA,HOUSEHOLD_2_055,0.897,1.794
CA,HOUSEHOLD_2_056,0.55,1.1
CA,HOUSEHOLD_2_057,0.497,0.994
CA,HOUSEHOLD_2_058,0.997,1.994
CA,HOUSEHOLD_2_059,0.297,0.594
CA,HOUSEHOLD_2_060,0.798,1.596
CA,HOUSEHOLD_2_061,0.297,0.594
CA,HOUSEHOLD_2_062,0.278,0.556
CA,HOUSEHOLD_2_063,0.448,0.896
CA,HOUSEHOLD_2_064,0.387,0.774
CA,HOUSEHOLD_2_065,0.547,1.094
CA,HOUSEHOLD_2_066,0.694,1.388
CA,HOUSEHOLD_2_067,0.097,0.194
CA,HOUSEHOLD_2_068,0.288,0.576
CA,HOUSEHOLD_2_069,0.987,1.974
CA,HOUSEHOLD_2_070,0.294,0.588
CA,HOUSEHOLD_2_071,0.647,1.294
CA,HOUSEHOLD_2_072,0.258,0.516
CA,HOUSEHOLD_2_073,1.997,3.994
CA,HOUSEHOLD_2_074,0.097,0.194
CA,HOUSEHOLD_2_075,0.187,0.374
CA,HOUSEHOLD_2_076,0.897,1.794
CA,HOUSEHOLD_2_077,0.667,1.334
CA,HOUSEHOLD_2_078,0.547,1.094
CA,HOUSEHOLD_2_079,0.447,0.894
CA,HOUSEHOLD_2_080,0.898,1.796
CA,HOUSEHOLD_2_081,0.257,0.514
CA,HOUSEHOLD_2_082,0.447,0.894
CA,HOUSEHOLD_2_083,0.992,1.984
CA,HOUSEHOLD_2_084,0.367,0.734
CA,HOUSEHOLD_2_085,0.794,1.588
CA,HOUSEHOLD_2_086,0.397,0.794
CA,HOUSEHOLD_2_087,0.794,1.588
CA,HOUSEHOLD_2_088,0.697,1.394
CA,HOUSEHOLD_2_089,0.297,0.594
CA,HOUSEHOLD_2_090,0.597,1.194
CA,HOUSEHOLD_2_091,0.847,1.694
CA,HOUSEHOLD_2_092,0.594,1.188
CA,HOUSEHOLD_2_093,0.327,0.654
CA,HOUSEHOLD_2_094,0.594,1.188
CA,HOUSEHOLD_2_095,0.647,1.294
CA,HOUSEHOLD_2_096,0.347,0.694
CA,HOUSEHOLD_2_097,0.548,1.096
CA,HOUSEHOLD_2_098,0.312,0.624
CA,HOUSEHOLD_2_099,0.594,1.188
CA,HOUSEHOLD_2_100,0.787,1.574
CA,HOUSEHOLD_2_101,0.449,0.898
CA,HOUSEHOLD_2_102,0.25,0.5
CA,HOUSEHOLD_2_103,0.197,0.394
CA,HOUSEHOLD_2_104,0.494,0.988
CA,HOUSEHOLD_2_105,0.498,0.996
CA,HOUSEHOLD_2_106,0.797,1.594
CA,HOUSEHOLD_2_107,1.197,2.394
CA,HOUSEHOLD_2_108,0.897,1.794
CA,HOUSEHOLD_2_109,0.327,0.654
CA,HOUSEHOLD_2_110,0.317,0.634
CA,HOUSEHOLD_2_111,0.647,1.294
CA,HOUSEHOLD_2_112,0.397,0.794
CA,HOUSEHOLD_2_113,0.188,0.376
CA,HOUSEHOLD_2_114,0.594,1.188
CA,HOUSEHOLD_2_115,0.327,0.654
CA,HOUSEHOLD_2_116,0.567,1.134
CA,HOUSEHOLD_2_117,0.2,0.4
CA,HOUSEHOLD_2_118,0.346,0.692
CA,HOUSEHOLD_2_119,0.584,1.168
CA,HOUSEHOLD_2_120,0.794,1.588
CA,HOUSEHOLD_2_121,0.192,0.384
CA,HOUSEHOLD_2_122,0.697,1.394
CA,HOUSEHOLD_2_123,0.198,0.396
CA,HOUSEHOLD_2_124,0.497,0.994
CA,HOUSEHOLD_2_125,0.887,1.774
CA,HOUSEHOLD_2_126,0.697,1.394
CA,HOUSEHOLD_2_127,0.5,1.0
CA,HOUSEHOLD_2_128,0.594,1.188
CA,HOUSEHOLD_2_129,0.594,1.188
CA,HOUSEHOLD_2_130,0.797,1.594
CA,HOUSEHOLD_2_131,1.227,2.454
CA,HOUSEHOLD_2_132,0.197,0.394
CA,HOUSEHOLD_2_133,0.497,0.994
CA,HOUSEHOLD_2_134,0.594,1.188
CA,HOUSEHOLD_2_135,1.497,2.994
CA,HOUSEHOLD_2_136,0.447,0.894
CA,HOUSEHOLD_2_137,0.294,0.588
CA,HOUSEHOLD_2_138,0.55,1.1
CA,HOUSEHOLD_2_139,0.584,1.168
CA,HOUSEHOLD_2_140,0.697,1.394
CA,HOUSEHOLD_2_141,0.448,0.896
CA,HOUSEHOLD_2_142,0.197,0.394
CA,HOUSEHOLD_2_143,0.647,1.294
CA,HOUSEHOLD_2_144,0.424,0.848
CA,HOUSEHOLD_2_145,0.397,0.794
CA,HOUSEHOLD_2_146,0.647,1.294
CA,HOUSEHOLD_2_147,0.397,0.794
CA,HOUSEHOLD_2_148,0.594,1.188
CA,HOUSEHOLD_2_149,0.398,0.796
CA,HOUSEHOLD_2_150,0.697,1.394
CA,HOUSEHOLD_2_151,0.444,0.888
CA,HOUSEHOLD_2_152,1.297,2.594
CA,HOUSEHOLD_2_153,0.897,1.794
CA,HOUSEHOLD_2_154,0.188,0.376
CA,HOUSEHOLD_2_155,0.647,1.294
CA,HOUSEHOLD_2_156,0.697,1.394
CA,HOUSEHOLD_2_157,0.547,1.094
CA,HOUSEHOLD_2_158,1.147,2.294
CA,HOUSEHOLD_2_159,0.427,0.854
CA,HOUSEHOLD_2_160,0.427,0.854
CA,HOUSEHOLD_2_161,1.097,2.194
CA,HOUSEHOLD_2_162,0.397,0.794
CA,HOUSEHOLD_2_163,0.8,1.6
CA,HOUSEHOLD_2_164,0.847,1.694
CA,HOUSEHOLD_2_165,0.584,1.168
CA,HOUSEHOLD_2_166,0.947,1.894
CA,HOUSEHOLD_2_167,0.288,0.576
CA,HOUSEHOLD_2_168,0.694,1.388
CA,HOUSEHOLD_2_169,0.584,1.168
CA,HOUSEHOLD_2_170,0.154,0.308
CA,HOUSEHOLD_2_171,0.327,0.654
CA,HOUSEHOLD_2_172,0.647,1.294
CA,HOUSEHOLD_2_173,0.697,1.394
CA,HOUSEHOLD_2_174,0.397,0.794
CA,HOUSEHOLD_2_175,0.597,1.194
CA,HOUSEHOLD_2_176,0.497,0.994
CA,HOUSEHOLD_2_177,0.298,0.596
CA,HOUSEHOLD_2_178,0.697,1.394
CA,HOUSEHOLD_2_179,0.597,1.194
CA,HOUSEHOLD_2_180,0.284,0.568
CA,HOUSEHOLD_2_182,0.7,1.4
CA,HOUSEHOLD_2_183,0.467,0.934
CA,HOUSEHOLD_2_184,0.196,0.392
CA,HOUSEHOLD_2_185,0.333,0.666
CA,HOUSEHOLD_2_186,0.998,1.996
CA,HOUSEHOLD_2_187,0.333,0.666
CA,HOUSEHOLD_2_188,0.724,1.448
CA,HOUSEHOLD_2_189,1.448,2.896
CA,HOUSEHOLD_2_190,0.097,0.194
CA,HOUSEHOLD_2_191,0.467,0.934
CA,HOUSEHOLD_2_192,0.192,0.384
CA,HOUSEHOLD_2_193,0.494,0.988
CA,HOUSEHOLD_2_194,0.627,1.254
CA,HOUSEHOLD_2_195,1.497,2.994
CA,HOUSEHOLD_2_196,0.227,0.454
CA,HOUSEHOLD_2_197,0.397,0.794
CA,HOUSEHOLD_2_198,0.747,1.494
CA,HOUSEHOLD_2_199,0.427,0.854
CA,HOUSEHOLD_2_200,0.694,1.388
CA,HOUSEHOLD_2_201,0.547,1.094
CA,HOUSEHOLD_2_202,0.847,1.694
CA,HOUSEHOLD_2_203,0.297,0.594
CA,HOUSEHOLD_2_204,1.297,2.594
CA,HOUSEHOLD_2_205,0.584,1.168
CA,HOUSEHOLD_2_206,0.288,0.576
CA,HOUSEHOLD_2_207,0.647,1.294
CA,HOUSEHOLD_2_208,1.297,2.594
CA,HOUSEHOLD_2_209,0.847,1.694
CA,HOUSEHOLD_2_210,0.897,1.794
CA,HOUSEHOLD_2_211,2.0,4.0
CA,HOUSEHOLD_2_212,0.267,0.534
CA,HOUSEHOLD_2_213,0.097,0.194
CA,HOUSEHOLD_2_214,0.694,1.388
CA,HOUSEHOLD_2_215,0.187,0.374
CA,HOUSEHOLD_2_216,0.694,1.388
CA,HOUSEHOLD_2_217,0.287,0.574
CA,HOUSEHOLD_2_218,1.197,2.394
CA,HOUSEHOLD_2_219,0.297,0.594
CA,HOUSEHOLD_2_220,0.697,1.394
CA,HOUSEHOLD_2_221,0.277,0.554
CA,HOUSEHOLD_2_222,0.497,0.994
CA,HOUSEHOLD_2_223,1.497,2.994
CA,HOUSEHOLD_2_224,0.397,0.794
CA,HOUSEHOLD_2_225,0.097,0.194
CA,HOUSEHOLD_2_226,0.697,1.394
CA,HOUSEHOLD_2_227,0.45,0.9
CA,HOUSEHOLD_2_228,0.497,0.994
CA,HOUSEHOLD_2_229,0.497,0.994
CA,HOUSEHOLD_2_230,0.248,0.496
CA,HOUSEHOLD_2_231,0.397,0.794
CA,HOUSEHOLD_2_232,0.497,0.994
CA,HOUSEHOLD_2_233,1.147,2.294
CA,HOUSEHOLD_2_234,0.594,1.188
CA,HOUSEHOLD_2_235,0.697,1.394
CA,HOUSEHOLD_2_236,0.848,1.696
CA,HOUSEHOLD_2_237,0.594,1.188
CA,HOUSEHOLD_2_238,1.097,2.194
CA,HOUSEHOLD_2_239,0.124,0.248
CA,HOUSEHOLD_2_240,0.497,0.994
CA,HOUSEHOLD_2_241,0.498,0.996
CA,HOUSEHOLD_2_242,1.324,2.648
CA,HOUSEHOLD_2_243,0.256,0.512
CA,HOUSEHOLD_2_244,0.397,0.794
CA,HOUSEHOLD_2_245,0.197,0.394
CA,HOUSEHOLD_2_246,0.787,1.574
CA,HOUSEHOLD_2_247,0.397,0.794
CA,HOUSEHOLD_2_248,0.927,1.854
CA,HOUSEHOLD_2_249,0.787,1.574
CA,HOUSEHOLD_2_250,0.697,1.394
CA,HOUSEHOLD_2_251,0.397,0.794
CA,HOUSEHOLD_2_252,0.587,1.174
CA,HOUSEHOLD_2_253,0.548,1.096
CA,HOUSEHOLD_2_254,0.424,0.848
CA,HOUSEHOLD_2_255,0.997,1.994
CA,HOUSEHOLD_2_256,0.597,1.194
CA,HOUSEHOLD_2_257,0.594,1.188
CA,HOUSEHOLD_2_258,0.398,0.796
CA,HOUSEHOLD_2_259,0.767,1.534
CA,HOUSEHOLD_2_260,0.697,1.394
CA,HOUSEHOLD_2_261,0.697,1.394
CA,HOUSEHOLD_2_262,0.497,0.994
CA,HOUSEHOLD_2_263,0.547,1.094
CA,HOUSEHOLD_2_264,0.348,0.696
CA,HOUSEHOLD_2_265,0.497,0.994
CA,HOUSEHOLD_2_266,0.297,0.594
CA,HOUSEHOLD_2_267,0.198,0.396
CA,HOUSEHOLD_2_268,0.547,1.094
CA,HOUSEHOLD_2_269,0.997,1.994
CA,HOUSEHOLD_2_270,0.547,1.094
CA,HOUSEHOLD_2_271,0.447,0.894
CA,HOUSEHOLD_2_272,0.547,1.094
CA,HOUSEHOLD_2_273,0.527,1.054
CA,HOUSEHOLD_2_274,0.598,1.196
CA,HOUSEHOLD_2_275,0.497,0.994
CA,HOUSEHOLD_2_276,0.547,1.094
CA,HOUSEHOLD_2_277,0.333,0.666
CA,HOUSEHOLD_2_278,1.1,2.2
CA,HOUSEHOLD_2_279,0.424,0.848
CA,HOUSEHOLD_2_280,0.597,1.194
CA,HOUSEHOLD_2_281,0.447,0.894
CA,HOUSEHOLD_2_282,0.547,1.094
CA,HOUSEHOLD_2_283,0.547,1.094
CA,HOUSEHOLD_2_284,0.647,1.294
CA,HOUSEHOLD_2_285,0.467,0.934
CA,HOUSEHOLD_2_286,0.214,0.428
CA,HOUSEHOLD_2_287,0.187,0.374
CA,HOUSEHOLD_2_288,0.367,0.734
CA,HOUSEHOLD_2_289,0.597,1.194
CA,HOUSEHOLD_2_290,0.624,1.248
CA,HOUSEHOLD_2_291,0.448,0.896
CA,HOUSEHOLD_2_292,1.497,2.994
CA,HOUSEHOLD_2_293,0.697,1.394
CA,HOUSEHOLD_2_294,0.477,0.954
CA,HOUSEHOLD_2_295,0.597,1.194
CA,HOUSEHOLD_2_296,0.497,0.994
CA,HOUSEHOLD_2_297,0.547,1.094
CA,HOUSEHOLD_2_298,0.346,0.692
CA,HOUSEHOLD_2_299,0.124,0.248
CA,HOUSEHOLD_2_300,0.797,1.594
CA,HOUSEHOLD_2_301,0.197,0.394
CA,HOUSEHOLD_2_302,0.297,0.594
CA,HOUSEHOLD_2_303,0.767,1.534
CA,HOUSEHOLD_2_304,0.648,1.296
CA,HOUSEHOLD_2_305,0.527,1.054
CA,HOUSEHOLD_2_306,0.567,1.134
CA,HOUSEHOLD_2_307,0.598,1.196
CA,HOUSEHOLD_2_308,0.297,0.594
CA,HOUSEHOLD_2_309,0.248,0.496
CA,HOUSEHOLD_2_310,0.142,0.284
CA,HOUSEHOLD_2_311,0.594,1.188
CA,HOUSEHOLD_2_312,0.397,0.794
CA,HOUSEHOLD_2_313,0.197,0.394
CA,HOUSEHOLD_2_314,0.197,0.394
CA,HOUSEHOLD_2_315,0.767,1.534
CA,HOUSEHOLD_2_316,0.727,1.454
CA,HOUSEHOLD_2_317,0.444,0.888
CA,HOUSEHOLD_2_318,0.397,0.794
CA,HOUSEHOLD_2_319,0.198,0.396
CA,HOUSEHOLD_2_320,0.897,1.794
CA,HOUSEHOLD_2_321,0.527,1.054
CA,HOUSEHOLD_2_322,0.222,0.444
CA,HOUSEHOLD_2_323,0.397,0.794
CA,HOUSEHOLD_2_324,1.427,2.854
CA,HOUSEHOLD_2_325,0.327,0.654
CA,HOUSEHOLD_2_326,0.594,1.188
CA,HOUSEHOLD_2_327,0.3,0.6
CA,HOUSEHOLD_2_328,0.697,1.394
CA,HOUSEHOLD_2_329,0.297,0.594
CA,HOUSEHOLD_2_330,0.372,0.744
CA,HOUSEHOLD_2_331,0.397,0.794
CA,HOUSEHOLD_2_332,0.647,1.294
CA,HOUSEHOLD_2_333,0.5,1.0
CA,HOUSEHOLD_2_334,0.3,0.6
CA,HOUSEHOLD_2_335,0.624,1.248
CA,HOUSEHOLD_2_336,0.927,1.854
CA,HOUSEHOLD_2_337,0.647,1.294
CA,HOUSEHOLD_2_338,0.492,0.984
CA,HOUSEHOLD_2_339,0.697,1.394
CA,HOUSEHOLD_2_340,0.5,1.0
CA,HOUSEHOLD_2_341,0.527,1.054
CA,HOUSEHOLD_2_342,0.097,0.194
CA,HOUSEHOLD_2_343,0.278,0.556
CA,HOUSEHOLD_2_344,0.597,1.194
CA,HOUSEHOLD_2_345,0.584,1.168
CA,HOUSEHOLD_2_346,0.333,0.666
CA,HOUSEHOLD_2_347,0.947,1.894
CA,HOUSEHOLD_2_348,0.647,1.294
CA,HOUSEHOLD_2_349,0.447,0.894
CA,HOUSEHOLD_2_350,0.278,0.556
CA,HOUSEHOLD_2_351,0.594,1.188
CA,HOUSEHOLD_2_352,0.294,0.588
CA,HOUSEHOLD_2_353,0.497,0.994
CA,HOUSEHOLD_2_354,0.097,0.194
CA,HOUSEHOLD_2_355,1.097,2.194
CA,HOUSEHOLD_2_356,0.988,1.976
CA,HOUSEHOLD_2_357,0.787,1.574
CA,HOUSEHOLD_2_358,0.497,0.994
CA,HOUSEHOLD_2_359,0.897,1.794
CA,HOUSEHOLD_2_360,0.797,1.594
CA,HOUSEHOLD_2_361,0.767,1.534
CA,HOUSEHOLD_2_362,0.357,0.714
CA,HOUSEHOLD_2_363,0.598,1.196
CA,HOUSEHOLD_2_364,0.568,1.136
CA,HOUSEHOLD_2_365,0.487,0.974
CA,HOUSEHOLD_2_366,0.327,0.654
CA,HOUSEHOLD_2_367,0.697,1.394
CA,HOUSEHOLD_2_368,0.547,1.094
CA,HOUSEHOLD_2_369,0.647,1.294
CA,HOUSEHOLD_2_370,0.567,1.134
CA,HOUSEHOLD_2_371,0.078,0.156
CA,HOUSEHOLD_2_372,0.894,1.788
CA,HOUSEHOLD_2_373,0.467,0.934
CA,HOUSEHOLD_2_374,0.298,0.596
CA,HOUSEHOLD_2_375,0.647,1.294
CA,HOUSEHOLD_2_376,0.327,0.654
CA,HOUSEHOLD_2_377,0.497,0.994
CA,HOUSEHOLD_2_378,0.7,1.4
CA,HOUSEHOLD_2_379,0.424,0.848
CA,HOUSEHOLD_2_380,0.497,0.994
CA,HOUSEHOLD_2_381,0.494,0.988
CA,HOUSEHOLD_2_382,0.348,0.696
CA,HOUSEHOLD_2_383,0.397,0.794
CA,HOUSEHOLD_2_384,0.547,1.094
CA,HOUSEHOLD_2_385,0.697,1.394
CA,HOUSEHOLD_2_386,0.397,0.794
CA,HOUSEHOLD_2_387,0.594,1.188
CA,HOUSEHOLD_2_388,0.697,1.394
CA,HOUSEHOLD_2_389,0.197,0.394
CA,HOUSEHOLD_2_390,0.567,1.134
CA,HOUSEHOLD_2_391,0.897,1.794
CA,HOUSEHOLD_2_392,0.497,0.994
CA,HOUSEHOLD_2_393,0.488,0.976
CA,HOUSEHOLD_2_394,0.597,1.194
CA,HOUSEHOLD_2_395,0.367,0.734
CA,HOUSEHOLD_2_396,0.894,1.788
CA,HOUSEHOLD_2_397,0.7,1.4
CA,HOUSEHOLD_2_398,0.747,1.494
CA,HOUSEHOLD_2_399,0.267,0.534
CA,HOUSEHOLD_2_400,0.388,0.776
CA,HOUSEHOLD_2_401,0.333,0.666
CA,HOUSEHOLD_2_402,0.897,1.794
CA,HOUSEHOLD_2_403,0.487,0.974
CA,HOUSEHOLD_2_404,0.297,0.594
CA,HOUSEHOLD_2_405,0.567,1.134
CA,HOUSEHOLD_2_406,1.247,2.494
CA,HOUSEHOLD_2_407,0.494,0.988
CA,HOUSEHOLD_2_408,0.627,1.254
CA,HOUSEHOLD_2_409,0.397,0.794
CA,HOUSEHOLD_2_410,0.138,0.276
CA,HOUSEHOLD_2_411,0.584,1.168
CA,HOUSEHOLD_2_412,0.648,1.296
CA,HOUSEHOLD_2_413,0.368,0.736
CA,HOUSEHOLD_2_414,0.597,1.194
CA,HOUSEHOLD_2_415,0.248,0.496
CA,HOUSEHOLD_2_416,0.327,0.654
CA,HOUSEHOLD_2_417,0.397,0.794
CA,HOUSEHOLD_2_418,0.278,0.556
CA,HOUSEHOLD_2_419,0.547,1.094
CA,HOUSEHOLD_2_420,0.567,1.134
CA,HOUSEHOLD_2_421,0.467,0.934
CA,HOUSEHOLD_2_422,0.494,0.988
CA,HOUSEHOLD_2_423,0.327,0.654
CA,HOUSEHOLD_2_424,0.288,0.576
CA,HOUSEHOLD_2_425,0.797,1.594
CA,HOUSEHOLD_2_426,0.597,1.194
CA,HOUSEHOLD_2_427,0.297,0.594
CA,HOUSEHOLD_2_428,0.794,1.588
CA,HOUSEHOLD_2_429,0.648,1.296
CA,HOUSEHOLD_2_430,0.397,0.794
CA,HOUSEHOLD_2_431,0.947,1.894
CA,HOUSEHOLD_2_432,0.547,1.094
CA,HOUSEHOLD_2_433,0.597,1.194
CA,HOUSEHOLD_2_434,0.188,0.376
CA,HOUSEHOLD_2_435,0.597,1.194
CA,HOUSEHOLD_2_436,0.192,0.384
CA,HOUSEHOLD_2_437,0.767,1.534
CA,HOUSEHOLD_2_438,0.897,1.794
CA,HOUSEHOLD_2_439,0.547,1.094
CA,HOUSEHOLD_2_440,0.097,0.194
CA,HOUSEHOLD_2_441,0.494,0.988
CA,HOUSEHOLD_2_442,0.148,0.296
CA,HOUSEHOLD_2_443,0.467,0.934
CA,HOUSEHOLD_2_444,0.647,1.294
CA,HOUSEHOLD_2_445,0.648,1.296
CA,HOUSEHOLD_2_446,2.2,4.4
CA,HOUSEHOLD_2_447,0.197,0.394
CA,HOUSEHOLD_2_448,0.497,0.994
CA,HOUSEHOLD_2_449,0.567,1.134
CA,HOUSEHOLD_2_450,0.897,1.794
CA,HOUSEHOLD_2_451,0.342,0.684
CA,HOUSEHOLD_2_452,0.647,1.294
CA,HOUSEHOLD_2_453,0.647,1.294
CA,HOUSEHOLD_2_454,0.797,1.594
CA,HOUSEHOLD_2_455,0.694,1.388
CA,HOUSEHOLD_2_456,0.897,1.794
CA,HOUSEHOLD_2_457,0.647,1.294
CA,HOUSEHOLD_2_458,0.398,0.796
CA,HOUSEHOLD_2_459,1.794,3.588
CA,HOUSEHOLD_2_460,0.597,1.194
CA,HOUSEHOLD_2_461,0.997,1.994
CA,HOUSEHOLD_2_462,0.847,1.694
CA,HOUSEHOLD_2_463,0.547,1.094
CA,HOUSEHOLD_2_464,0.288,0.576
CA,HOUSEHOLD_2_465,0.727,1.454
CA,HOUSEHOLD_2_466,0.697,1.394
CA,HOUSEHOLD_2_467,0.397,0.794
CA,HOUSEHOLD_2_468,0.927,1.854
CA,HOUSEHOLD_2_469,0.297,0.594
CA,HOUSEHOLD_2_470,0.097,0.194
CA,HOUSEHOLD_2_471,0.297,0.594
CA,HOUSEHOLD_2_472,0.627,1.254
CA,HOUSEHOLD_2_473,0.747,1.494
CA,HOUSEHOLD_2_474,0.697,1.394
CA,HOUSEHOLD_2_475,0.497,0.994
CA,HOUSEHOLD_2_476,0.397,0.794
CA,HOUSEHOLD_2_477,0.597,1.194
CA,HOUSEHOLD_2_478,0.494,0.988
CA,HOUSEHOLD_2_479,0.594,1.188
CA,HOUSEHOLD_2_480,0.527,1.054
CA,HOUSEHOLD_2_481,0.797,1.594
CA,HOUSEHOLD_2_482,0.594,1.188
CA,HOUSEHOLD_2_483,0.447,0.894
CA,HOUSEHOLD_2_484,0.697,1.394
CA,HOUSEHOLD_2_485,0.697,1.394
CA,HOUSEHOLD_2_486,0.597,1.194
CA,HOUSEHOLD_2_487,0.998,1.996
CA,HOUSEHOLD_2_488,0.447,0.894
CA,HOUSEHOLD_2_489,1.447,2.894
CA,HOUSEHOLD_2_490,0.348,0.696
CA,HOUSEHOLD_2_491,0.697,1.394
CA,HOUSEHOLD_2_492,0.597,1.194
CA,HOUSEHOLD_2_493,0.194,0.388
CA,HOUSEHOLD_2_494,0.594,1.188
CA,HOUSEHOLD_2_495,0.547,1.094
CA,HOUSEHOLD_2_496,0.148,0.296
CA,HOUSEHOLD_2_497,0.547,1.094
CA,HOUSEHOLD_2_498,0.298,0.596
CA,HOUSEHOLD_2_499,0.197,0.394
CA,HOUSEHOLD_2_500,0.584,1.168
CA,HOUSEHOLD_2_501,0.847,1.694
CA,HOUSEHOLD_2_502,0.897,1.794
CA,HOUSEHOLD_2_503,0.594,1.188
CA,HOUSEHOLD_2_504,0.192,0.384
CA,HOUSEHOLD_2_505,0.497,0.994
CA,HOUSEHOLD_2_506,0.65,1.3
CA,HOUSEHOLD_2_507,0.697,1.394
CA,HOUSEHOLD_2_508,1.487,2.974
CA,HOUSEHOLD_2_509,0.897,1.794
CA,HOUSEHOLD_2_510,0.427,0.854
CA,HOUSEHOLD_2_511,0.287,0.574
CA,HOUSEHOLD_2_512,0.397,0.794
CA,HOUSEHOLD_2_513,0.278,0.556
CA,HOUSEHOLD_2_514,1.897,3.794
CA,HOUSEHOLD_2_515,0.197,0.394
CA,HOUSEHOLD_2_516,0.594,1.188
CA,FOODS_1_001,0.4,0.8
CA,FOODS_1_002,1.576,3.152
CA,FOODS_1_003,0.576,1.152
CA,FOODS_1_004,0.356,0.712
CA,FOODS_1_005,0.588,1.176
CA,FOODS_1_006,0.394,0.788
CA,FOODS_1_008,0.656,1.312
CA,FOODS_1_009,0.536,1.072
CA,FOODS_1_010,1.018,2.036
CA,FOODS_1_011,0.456,0.912
CA,FOODS_1_012,1.216,2.432
CA,FOODS_1_013,0.25,0.5
CA,FOODS_1_014,0.196,0.392
CA,FOODS_1_015,0.556,1.112
CA,FOODS_1_016,0.392,0.784
CA,FOODS_1_017,0.536,1.072
CA,FOODS_1_018,0.2,0.4
CA,FOODS_1_019,0.194,0.388
CA,FOODS_1_020,0.5,1.0
CA,FOODS_1_021,0.196,0.392
CA,FOODS_1_022,0.88,1.76
CA,FOODS_1_023,1.216,2.432
CA,FOODS_1_024,0.794,1.588
CA,FOODS_1_025,0.788,1.576
CA,FOODS_1_026,1.276,2.552
CA,FOODS_1_027,0.356,0.712
CA,FOODS_1_028,0.596,1.192
CA,FOODS_1_029,0.636,1.272
CA,FOODS_1_030,0.556,1.112
CA,FOODS_1_031,0.656,1.312
CA,FOODS_1_032,0.2,0.4
CA,FOODS_1_033,1.018,2.036
CA,FOODS_1_034,1.122,2.244
CA,FOODS_1_035,0.456,0.912
CA,FOODS_1_036,0.3,0.6
CA,FOODS_1_037,0.594,1.188
CA,FOODS_1_038,1.594,3.188
CA,FOODS_1_039,0.496,0.992
CA,FOODS_1_040,0.352,0.704
CA,FOODS_1_041,0.436,0.872
CA,FOODS_1_042,0.196,0.392
CA,FOODS_1_043,0.356,0.712
CA,FOODS_1_044,0.5,1.0
CA,FOODS_1_045,0.352,0.704
CA,FOODS_1_046,0.2,0.4
CA,FOODS_1_047,0.588,1.176
CA,FOODS_1_048,1.196,2.392
CA,FOODS_1_049,0.436,0.872
CA,FOODS_1_050,1.196,2.392
CA,FOODS_1_051,0.774,1.548
CA,FOODS_1_052,0.196,0.392
CA,FOODS_1_053,1.122,2.244
CA,FOODS_1_054,0.336,0.672
CA,FOODS_1_055,0.624,1.248
CA,FOODS_1_056,0.448,0.896
CA,FOODS_1_057,0.536,1.072
CA,FOODS_1_058,0.356,0.712
CA,FOODS_1_059,0.91,1.82
CA,FOODS_1_060,0.336,0.672
CA,FOODS_1_061,0.4,0.8
CA,FOODS_1_062,0.636,1.272
CA,FOODS_1_063,0.394,0.788
CA,FOODS_1_064,0.508,1.016
CA,FOODS_1_065,0.588,1.176
CA,FOODS_1_066,0.266,0.532
CA,FOODS_1_067,0.394,0.788
CA,FOODS_1_068,0.716,1.432
CA,FOODS_1_069,0.436,0.872
CA,FOODS_1_070,0.196,0.392
CA,FOODS_1_071,0.394,0.788
CA,FOODS_1_072,0.794,1.588
CA,FOODS_1_073,0.352,0.704
CA,FOODS_1_074,0.436,0.872
CA,FOODS_1_075,0.588,1.176
CA,FOODS_1_076,1.122,2.244
CA,FOODS_1_077,0.594,1.188
CA,FOODS_1_078,0.648,1.296
CA,FOODS_1_079,1.086,2.172
CA,FOODS_1_080,1.394,2.788
CA,FOODS_1_081,1.216,2.432
CA,FOODS_1_082,0.196,0.392
CA,FOODS_1_083,0.394,0.788
CA,FOODS_1_084,1.066,2.132
CA,FOODS_1_085,0.2,0.4
CA,FOODS_1_086,0.296,0.592
CA,FOODS_1_087,1.216,2.432
CA,FOODS_1_088,0.794,1.588
CA,FOODS_1_089,0.648,1.296
CA,FOODS_1_090,0.588,1.176
CA,FOODS_1_091,0.476,0.952
CA,FOODS_1_092,0.356,0.712
CA,FOODS_1_093,1.216,2.432
CA,FOODS_1_094,0.588,1.176
CA,FOODS_1_095,0.532,1.064
CA,FOODS_1_096,1.244,2.488
CA,FOODS_1_097,0.196,0.392
CA,FOODS_1_098,1.128,2.256
CA,FOODS_1_099,0.196,0.392
CA,FOODS_1_101,0.394,0.788
CA,FOODS_1_102,0.3,0.6
CA,FOODS_1_103,0.636,1.272
CA,FOODS_1_104,0.588,1.176
CA,FOODS_1_105,0.376,0.752
CA,FOODS_1_106,0.588,1.176
CA,FOODS_1_107,1.072,2.144
CA,FOODS_1_108,0.5,1.0
CA,FOODS_1_109,0.4,0.8
CA,FOODS_1_110,0.356,0.712
CA,FOODS_1_111,1.196,2.392
CA,FOODS_1_112,0.396,0.792
CA,FOODS_1_113,0.196,0.392
CA,FOODS_1_114,0.588,1.176
CA,FOODS_1_115,0.716,1.432
CA,FOODS_1_116,0.436,0.872
CA,FOODS_1_117,0.4,0.8
CA,FOODS_1_118,0.196,0.392
CA,FOODS_1_119,0.588,1.176
CA,FOODS_1_120,0.356,0.712
CA,FOODS_1_121,0.2,0.4
CA,FOODS_1_122,0.396,0.792
CA,FOODS_1_123,0.588,1.176
CA,FOODS_1_124,0.4,0.8
CA,FOODS_1_125,0.996,1.992
CA,FOODS_1_126,0.536,1.072
CA,FOODS_1_127,0.352,0.704
CA,FOODS_1_128,0.636,1.272
CA,FOODS_1_129,1.244,2.488
CA,FOODS_1_130,0.3,0.6
CA,FOODS_1_131,0.556,1.112
CA,FOODS_1_132,0.356,0.712
CA,FOODS_1_133,0.556,1.112
CA,FOODS_1_134,0.396,0.792
CA,FOODS_1_135,0.436,0.872
CA,FOODS_1_136,0.794,1.588
CA,FOODS_1_137,0.394,0.788
CA,FOODS_1_138,0.436,0.872
CA,FOODS_1_139,0.196,0.392
CA,FOODS_1_140,1.276,2.552
CA,FOODS_1_141,0.588,1.176
CA,FOODS_1_142,0.25,0.5
CA,FOODS_1_143,0.394,0.788
CA,FOODS_1_144,1.336,2.672
CA,FOODS_1_145,0.196,0.392
CA,FOODS_1_146,0.436,0.872
CA,FOODS_1_147,1.018,2.036
CA,FOODS_1_148,1.018,2.036
CA,FOODS_1_149,0.196,0.392
CA,FOODS_1_150,0.794,1.588
CA,FOODS_1_151,2.196,4.392
CA,FOODS_1_152,1.396,2.792
CA,FOODS_1_153,0.336,0.672
CA,FOODS_1_154,0.25,0.5
CA,FOODS_1_155,0.196,0.392
CA,FOODS_1_156,0.536,1.072
CA,FOODS_1_157,0.91,1.82
CA,FOODS_1_158,0.996,1.992
CA,FOODS_1_159,0.91,1.82
CA,FOODS_1_160,0.448,0.896
CA,FOODS_1_161,0.2,0.4
CA,FOODS_1_162,0.356,0.712
CA,FOODS_1_163,0.196,0.392
CA,FOODS_1_164,1.018,2.036
CA,FOODS_1_166,0.4,0.8
CA,FOODS_1_167,0.794,1.588
CA,FOODS_1_168,0.4,0.8
CA,FOODS_1_169,0.648,1.296
CA,FOODS_1_170,1.216,2.432
CA,FOODS_1_171,1.0,2.0
CA,FOODS_1_172,0.336,0.672
CA,FOODS_1_173,0.394,0.788
CA,FOODS_1_174,0.794,1.588
CA,FOODS_1_175,0.576,1.152
CA,FOODS_1_176,0.594,1.188
CA,FOODS_1_177,1.594,3.188
CA,FOODS_1_178,1.794,3.588
CA,FOODS_1_179,0.716,1.432
CA,FOODS_1_180,1.776,3.552
CA,FOODS_1_181,0.256,0.512
CA,FOODS_1_182,0.394,0.788
CA,FOODS_1_183,0.576,1.152
CA,FOODS_1_184,0.2,0.4
CA,FOODS_1_185,0.4,0.8
CA,FOODS_1_186,1.196,2.392
CA,FOODS_1_187,1.594,3.188
CA,FOODS_1_188,0.596,1.192
CA,FOODS_1_189,0.558,1.116
CA,FOODS_1_190,0.196,0.392
CA,FOODS_1_191,1.216,2.432
CA,FOODS_1_192,0.476,0.952
CA,FOODS_1_193,0.91,1.82
CA,FOODS_1_194,0.794,1.588
CA,FOODS_1_195,0.436,0.872
CA,FOODS_1_196,0.394,0.788
CA,FOODS_1_197,0.794,1.588
CA,FOODS_1_198,0.456,0.912
CA,FOODS_1_199,1.216,2.432
CA,FOODS_1_200,0.196,0.392
CA,FOODS_1_201,0.4,0.8
CA,FOODS_1_202,0.196,0.392
CA,FOODS_1_203,0.4,0.8
CA,FOODS_1_204,0.2,0.4
CA,FOODS_1_205,0.948,1.896
CA,FOODS_1_206,0.316,0.632
CA,FOODS_1_207,0.624,1.248
CA,FOODS_1_208,0.356,0.712
CA,FOODS_1_209,0.476,0.952
CA,FOODS_1_210,0.356,0.712
CA,FOODS_1_211,1.216,2.432
CA,FOODS_1_212,1.256,2.512
CA,FOODS_1_213,0.476,0.952
CA,FOODS_1_214,0.528,1.056
CA,FOODS_1_215,0.336,0.672
CA,FOODS_1_216,1.028,2.056
CA,FOODS_1_217,0.588,1.176
CA,FOODS_1_218,0.2,0.4
CA,FOODS_1_219,0.4,0.8
CA,FOODS_2_001,0.476,0.952
CA,FOODS_2_002,0.376,0.752
CA,FOODS_2_003,0.396,0.792
CA,FOODS_2_004,0.756,1.512
CA,FOODS_2_005,0.65,1.3
CA,FOODS_2_006,1.972,3.944
CA,FOODS_2_007,0.536,1.072
CA,FOODS_2_008,0.5,1.0
CA,FOODS_2_009,0.304,0.608
CA,FOODS_2_010,0.516,1.032
CA,FOODS_2_011,0.596,1.192
CA,FOODS_2_012,0.686,1.372
CA,FOODS_2_013,0.446,0.892
CA,FOODS_2_014,0.546,1.092
CA,FOODS_2_015,0.554,1.108
CA,FOODS_2_016,0.2,0.4
CA,FOODS_2_017,0.768,1.536
CA,FOODS_2_018,1.396,2.792
CA,FOODS_2_019,0.596,1.192
CA,FOODS_2_020,0.536,1.072
CA,FOODS_2_021,0.128,0.256
CA,FOODS_2_022,1.396,2.792
CA,FOODS_2_023,0.256,0.512
CA,FOODS_2_024,0.5,1.0
CA,FOODS_2_025,0.65,1.3
CA,FOODS_2_026,0.492,0.984
CA,FOODS_2_027,0.366,0.732
CA,FOODS_2_028,0.756,1.512
CA,FOODS_2_029,2.248,4.496
CA,FOODS_2_030,1.024,2.048
CA,FOODS_2_031,0.436,0.872
CA,FOODS_2_032,0.436,0.872
CA,FOODS_2_033,0.476,0.952
CA,FOODS_2_034,0.536,1.072
CA,FOODS_2_035,1.072,2.144
CA,FOODS_2_036,0.85,1.7
CA,FOODS_2_037,1.368,2.736
CA,FOODS_2_038,1.176,2.352
CA,FOODS_2_039,0.9,1.8
CA,FOODS_2_040,0.5,1.0
CA,FOODS_2_041,0.65,1.3
CA,FOODS_2_042,0.468,0.936
CA,FOODS_2_043,0.596,1.192
CA,FOODS_2_044,0.596,1.192
CA,FOODS_2_045,1.384,2.768
CA,FOODS_2_046,0.756,1.512
CA,FOODS_2_047,0.546,1.092
CA,FOODS_2_048,1.594,3.188
CA,FOODS_2_049,0.596,1.192
CA,FOODS_2_050,0.2,0.4
CA,FOODS_2_051,0.5,1.0
CA,FOODS_2_052,2.356,4.712
CA,FOODS_2_053,1.296,2.592
CA,FOODS_2_054,0.456,0.912
CA,FOODS_2_055,0.496,0.992
CA,FOODS_2_056,1.396,2.792
CA,FOODS_2_057,0.796,1.592
CA,FOODS_2_058,0.874,1.748
CA,FOODS_2_059,1.196,2.392
CA,FOODS_2_060,1.368,2.736
CA,FOODS_2_061,0.376,0.752
CA,FOODS_2_062,0.992,1.984
CA,FOODS_2_063,0.546,1.092
CA,FOODS_2_064,0.528,1.056
CA,FOODS_2_065,0.216,0.432
CA,FOODS_2_066,1.036,2.072
CA,FOODS_2_067,0.468,0.936
CA,FOODS_2_068,1.368,2.736
CA,FOODS_2_069,1.996,3.992
CA,FOODS_2_070,1.074,2.148
CA,FOODS_2_071,0.896,1.792
CA,FOODS_2_072,0.596,1.192
CA,FOODS_2_073,1.196,2.392
CA,FOODS_2_074,0.5,1.0
CA,FOODS_2_075,0.446,0.892
CA,FOODS_2_076,1.876,3.752
CA,FOODS_2_077,1.256,2.512
CA,FOODS_2_078,1.976,3.952
CA,FOODS_2_079,0.65,1.3
CA,FOODS_2_080,0.468,0.936
CA,FOODS_2_081,0.516,1.032
CA,FOODS_2_082,1.196,2.392
CA,FOODS_2_083,1.396,2.792
CA,FOODS_2_084,0.594,1.188
CA,FOODS_2_085,0.656,1.312
CA,FOODS_2_086,0.596,1.192
CA,FOODS_2_087,1.876,3.752
CA,FOODS_2_088,1.296,2.592
CA,FOODS_2_089,0.796,1.592
CA,FOODS_2_090,1.792,3.584
CA,FOODS_2_091,0.554,1.108
CA,FOODS_2_092,0.85,1.7
CA,FOODS_2_093,0.5,1.0
CA,FOODS_2_094,0.256,0.512
CA,FOODS_2_095,0.884,1.768
CA,FOODS_2_096,1.592,3.184
CA,FOODS_2_097,1.396,2.792
CA,FOODS_2_099,0.376,0.752
CA,FOODS_2_100,0.596,1.192
CA,FOODS_2_101,1.196,2.392
CA,FOODS_2_102,2.194,4.388
CA,FOODS_2_103,1.396,2.792
CA,FOODS_2_104,1.396,2.792
CA,FOODS_2_105,0.592,1.184
CA,FOODS_2_106,1.028,2.056
CA,FOODS_2_107,0.396,0.792
CA,FOODS_2_108,0.592,1.184
CA,FOODS_2_109,0.556,1.112
CA,FOODS_2_110,0.476,0.952
CA,FOODS_2_111,1.194,2.388
CA,FOODS_2_112,0.656,1.312
CA,FOODS_2_113,0.596,1.192
CA,FOODS_2_114,0.554,1.108
CA,FOODS_2_115,1.488,2.976
CA,FOODS_2_116,0.396,0.792
CA,FOODS_2_117,1.194,2.388
CA,FOODS_2_118,0.596,1.192
CA,FOODS_2_119,0.596,1.192
CA,FOODS_2_120,0.544,1.088
CA,FOODS_2_121,0.3,0.6
CA,FOODS_2_122,0.944,1.888
CA,FOODS_2_123,0.574,1.148
CA,FOODS_2_124,0.576,1.152
CA,FOODS_2_125,0.494,0.988
CA,FOODS_2_126,0.836,1.672
CA,FOODS_2_127,1.394,2.788
CA,FOODS_2_128,0.128,0.256
CA,FOODS_2_129,1.908,3.816
CA,FOODS_2_130,0.316,0.632
CA,FOODS_2_131,1.196,2.392
CA,FOODS_2_132,0.5,1.0
CA,FOODS_2_133,0.596,1.192
CA,FOODS_2_134,0.6,1.2
CA,FOODS_2_135,0.492,0.984
CA,FOODS_2_136,0.652,1.304
CA,FOODS_2_137,0.596,1.192
CA,FOODS_2_138,0.356,0.712
CA,FOODS_2_139,0.6,1.2
CA,FOODS_2_140,2.196,4.392
CA,FOODS_2_141,1.396,2.792
CA,FOODS_2_142,0.848,1.696
CA,FOODS_2_143,0.796,1.592
CA,FOODS_2_144,0.5,1.0
CA,FOODS_2_145,0.4,0.8
CA,FOODS_2_146,0.396,0.792
CA,FOODS_2_147,0.768,1.536
CA,FOODS_2_148,0.596,1.192
CA,FOODS_2_149,1.396,2.792
CA,FOODS_2_150,0.546,1.092
CA,FOODS_2_151,0.376,0.752
CA,FOODS_2_152,0.466,0.932
CA,FOODS_2_153,0.546,1.092
CA,FOODS_2_154,2.356,4.712
CA,FOODS_2_155,0.516,1.032
CA,FOODS_2_156,0.304,0.608
CA,FOODS_2_157,0.65,1.3
CA,FOODS_2_158,0.256,0.512
CA,FOODS_2_159,0.776,1.552
CA,FOODS_2_160,0.524,1.048
CA,FOODS_2_161,1.394,2.788
CA,FOODS_2_162,0.586,1.172
CA,FOODS_2_163,0.596,1.192
CA,FOODS_2_164,0.596,1.192
CA,FOODS_2_165,0.796,1.592
CA,FOODS_2_166,0.468,0.936
CA,FOODS_2_167,0.536,1.072
CA,FOODS_2_168,0.796,1.592
CA,FOODS_2_169,1.2,2.4
CA,FOODS_2_170,0.596,1.192
CA,FOODS_2_171,0.596,1.192
CA,FOODS_2_172,0.4,0.8
CA,FOODS_2_173,1.648,3.296
CA,FOODS_2_174,0.576,1.152
CA,FOODS_2_175,0.5,1.0
CA,FOODS_2_176,0.576,1.152
CA,FOODS_2_177,0.634,1.268
CA,FOODS_2_178,0.5,1.0
CA,FOODS_2_179,0.968,1.936
CA,FOODS_2_180,0.496,0.992
CA,FOODS_2_181,0.476,0.952
CA,FOODS_2_182,0.396,0.792
CA,FOODS_2_183,1.648,3.296
CA,FOODS_2_184,0.992,1.984
CA,FOODS_2_185,0.4,0.8
CA,FOODS_2_186,1.1,2.2
CA,FOODS_2_187,1.072,2.144
CA,FOODS_2_188,0.596,1.192
CA,FOODS_2_189,0.5,1.0
CA,FOODS_2_190,0.596,1.192
CA,FOODS_2_191,1.776,3.552
CA,FOODS_2_192,0.356,0.712
CA,FOODS_2_193,1.126,2.252
CA,FOODS_2_194,1.396,2.792
CA,FOODS_2_195,0.572,1.144
CA,FOODS_2_196,0.65,1.3
CA,FOODS_2_197,0.596,1.192
CA,FOODS_2_198,1.976,3.952
CA,FOODS_2_199,0.216,0.432
CA,FOODS_2_200,0.772,1.544
CA,FOODS_2_201,0.996,1.992
CA,FOODS_2_202,0.686,1.372
CA,FOODS_2_203,0.596,1.192
CA,FOODS_2_204,0.216,0.432
CA,FOODS_2_205,0.596,1.192
CA,FOODS_2_206,2.196,4.392
CA,FOODS_2_207,1.368,2.736
CA,FOODS_2_208,1.396,2.792
CA,FOODS_2_209,1.194,2.388
CA,FOODS_2_210,0.748,1.496
CA,FOODS_2_211,0.528,1.056
CA,FOODS_2_212,0.836,1.672
CA,FOODS_2_213,0.696,1.392
CA,FOODS_2_214,0.5,1.0
CA,FOODS_2_215,0.392,0.784
CA,FOODS_2_216,1.224,2.448
CA,FOODS_2_217,0.848,1.696
CA,FOODS_2_218,0.65,1.3
CA,FOODS_2_219,0.596,1.192
CA,FOODS_2_220,0.396,0.792
CA,FOODS_2_221,0.268,0.536
CA,FOODS_2_222,0.5,1.0
CA,FOODS_2_223,0.468,0.936
CA,FOODS_2_224,1.136,2.272
CA,FOODS_2_225,0.5,1.0
CA,FOODS_2_226,1.196,2.392
CA,FOODS_2_227,0.796,1.592
CA,FOODS_2_228,0.944,1.888
CA,FOODS_2_229,0.468,0.936
CA,FOODS_2_230,0.468,0.936
CA,FOODS_2_231,0.596,1.192
CA,FOODS_2_232,0.456,0.912
CA,FOODS_2_233,0.796,1.592
CA,FOODS_2_234,0.396,0.792
CA,FOODS_2_235,0.596,1.192
CA,FOODS_2_236,0.636,1.272
CA,FOODS_2_237,0.516,1.032
CA,FOODS_2_238,0.3,0.6
CA,FOODS_2_239,2.394,4.788
CA,FOODS_2_240,0.468,0.936
CA,FOODS_2_241,0.476,0.952
CA,FOODS_2_242,0.5,1.0
CA,FOODS_2_243,1.368,2.736
CA,FOODS_2_244,1.096,2.192
CA,FOODS_2_245,0.6,1.2
CA,FOODS_2_246,0.436,0.872
CA,FOODS_2_247,0.416,0.832
CA,FOODS_2_248,1.196,2.392
CA,FOODS_2_249,0.65,1.3
CA,FOODS_2_250,2.194,4.388
CA,FOODS_2_251,1.396,2.792
CA,FOODS_2_252,0.794,1.588
CA,FOODS_2_253,1.596,3.192
CA,FOODS_2_254,1.256,2.512
CA,FOODS_2_255,0.2,0.4
CA,FOODS_2_256,1.124,2.248
CA,FOODS_2_257,0.2,0.4
CA,FOODS_2_258,0.624,1.248
CA,FOODS_2_259,0.734,1.468
CA,FOODS_2_260,0.596,1.192
CA,FOODS_2_261,1.996,3.992
CA,FOODS_2_262,0.396,0.792
CA,FOODS_2_263,0.896,1.792
CA,FOODS_2_264,0.65,1.3
CA,FOODS_2_265,0.716,1.432
CA,FOODS_2_266,2.054,4.108
CA,FOODS_2_267,0.356,0.712
CA,FOODS_2_268,0.716,1.432
CA,FOODS_2_269,0.596,1.192
CA,FOODS_2_270,0.596,1.192
CA,FOODS_2_271,2.196,4.392
CA,FOODS_2_272,0.376,0.752
CA,FOODS_2_273,0.396,0.792
CA,FOODS_2_274,1.396,2.792
CA,FOODS_2_275,0.492,0.984
CA,FOODS_2_276,0.596,1.192
CA,FOODS_2_277,0.256,0.512
CA,FOODS_2_278,0.4,0.8
CA,FOODS_2_279,0.5,1.0
CA,FOODS_2_280,0.65,1.3
CA,FOODS_2_281,1.368,2.736
CA,FOODS_2_282,1.396,2.792
CA,FOODS_2_283,0.304,0.608
CA,FOODS_2_284,0.494,0.988
CA,FOODS_2_285,0.696,1.392
CA,FOODS_2_286,0.316,0.632
CA,FOODS_2_287,0.516,1.032
CA,FOODS_2_288,0.596,1.192
CA,FOODS_2_289,0.5,1.0
CA,FOODS_2_290,0.554,1.108
CA,FOODS_2_291,1.396,2.792
CA,FOODS_2_292,0.596,1.192
CA,FOODS_2_293,0.716,1.432
CA,FOODS_2_294,0.268,0.536
CA,FOODS_2_295,2.356,4.712
CA,FOODS_2_296,0.592,1.184
CA,FOODS_2_297,0.85,1.7
CA,FOODS_2_298,2.356,4.712
CA,FOODS_2_299,0.446,0.892
CA,FOODS_2_300,0.996,1.992
CA,FOODS_2_301,0.596,1.192
CA,FOODS_2_302,2.196,4.392
CA,FOODS_2_303,0.468,0.936
CA,FOODS_2_304,0.776,1.552
CA,FOODS_2_305,2.096,4.192
CA,FOODS_2_306,0.886,1.772
CA,FOODS_2_307,0.5,1.0
CA,FOODS_2_308,0.576,1.152
CA,FOODS_2_309,0.492,0.984
CA,FOODS_2_310,0.796,1.592
CA,FOODS_2_311,0.546,1.092
CA,FOODS_2_312,0.996,1.992
CA,FOODS_2_313,1.732,3.464
CA,FOODS_2_314,0.874,1.748
CA,FOODS_2_315,0.5,1.0
CA,FOODS_2_316,2.196,4.392
CA,FOODS_2_317,2.356,4.712
CA,FOODS_2_318,0.996,1.992
CA,FOODS_2_319,0.576,1.152
CA,FOODS_2_320,0.372,0.744
CA,FOODS_2_321,0.556,1.112
CA,FOODS_2_322,0.596,1.192
CA,FOODS_2_323,0.65,1.3
CA,FOODS_2_324,0.516,1.032
CA,FOODS_2_325,0.2,0.4
CA,FOODS_2_326,0.216,0.432
CA,FOODS_2_327,0.396,0.792
CA,FOODS_2_328,0.884,1.768
CA,FOODS_2_329,0.636,1.272
CA,FOODS_2_330,0.796,1.592
CA,FOODS_2_331,0.596,1.192
CA,FOODS_2_332,0.756,1.512
CA,FOODS_2_333,0.668,1.336
CA,FOODS_2_334,2.196,4.392
CA,FOODS_2_335,0.756,1.512
CA,FOODS_2_336,0.576,1.152
CA,FOODS_2_337,1.256,2.512
CA,FOODS_2_338,0.574,1.148
CA,FOODS_2_339,0.85,1.7
CA,FOODS_2_340,0.6,1.2
CA,FOODS_2_341,0.516,1.032
CA,FOODS_2_342,1.196,2.392
CA,FOODS_2_343,0.65,1.3
CA,FOODS_2_344,0.596,1.192
CA,FOODS_2_345,1.596,3.192
CA,FOODS_2_346,0.4,0.8
CA,FOODS_2_347,0.446,0.892
CA,FOODS_2_348,1.196,2.392
CA,FOODS_2_349,1.196,2.392
CA,FOODS_2_350,0.996,1.992
CA,FOODS_2_351,0.6,1.2
CA,FOODS_2_352,2.196,4.392
CA,FOODS_2_353,0.576,1.152
CA,FOODS_2_354,0.996,1.992
CA,FOODS_2_355,0.554,1.108
CA,FOODS_2_356,0.5,1.0
CA,FOODS_2_357,0.446,0.892
CA,FOODS_2_358,0.576,1.152
CA,FOODS_2_359,0.446,0.892
CA,FOODS_2_360,0.128,0.256
CA,FOODS_2_361,0.65,1.3
CA,FOODS_2_362,1.494,2.988
CA,FOODS_2_363,0.516,1.032
CA,FOODS_2_364,0.464,0.928
CA,FOODS_2_365,1.996,3.992
CA,FOODS_2_366,0.576,1.152
CA,FOODS_2_367,0.874,1.748
CA,FOODS_2_368,1.396,2.792
CA,FOODS_2_369,0.974,1.948
CA,FOODS_2_370,0.996,1.992
CA,FOODS_2_371,0.476,0.952
CA,FOODS_2_372,1.734,3.468
CA,FOODS_2_373,1.136,2.272
CA,FOODS_2_374,0.446,0.892
CA,FOODS_2_375,0.996,1.992
CA,FOODS_2_376,0.396,0.792
CA,FOODS_2_377,0.554,1.108
CA,FOODS_2_378,0.644,1.288
CA,FOODS_2_379,1.396,2.792
CA,FOODS_2_380,0.996,1.992
CA,FOODS_2_381,0.536,1.072
CA,FOODS_2_382,0.65,1.3
CA,FOODS_2_383,0.376,0.752
CA,FOODS_2_384,0.416,0.832
CA,FOODS_2_385,0.524,1.048
CA,FOODS_2_386,0.596,1.192
CA,FOODS_2_387,2.594,5.188
CA,FOODS_2_388,0.6,1.2
CA,FOODS_2_389,2.356,4.712
CA,FOODS_2_390,1.224,2.448
CA,FOODS_2_391,0.396,0.792
CA,FOODS_2_392,0.996,1.992
CA,FOODS_2_393,0.796,1.592
CA,FOODS_2_394,0.456,0.912
CA,FOODS_2_395,0.796,1.592
CA,FOODS_2_396,0.556,1.112
CA,FOODS_2_397,0.596,1.192
CA,FOODS_2_398,0.472,0.944
CA,FOODS_2_399,0.396,0.792
CA,FOODS_3_001,0.456,0.912
CA,FOODS_3_002,0.5,1.0
CA,FOODS_3_003,0.796,1.592
CA,FOODS_3_004,0.854,1.708
CA,FOODS_3_005,0.396,0.792
CA,FOODS_3_006,1.576,3.152
CA,FOODS_3_007,0.04,0.08
CA,FOODS_3_008,0.158,0.316
CA,FOODS_3_009,0.456,0.912
CA,FOODS_3_010,0.556,1.112
CA,FOODS_3_011,0.396,0.792
CA,FOODS_3_012,0.528,1.056
CA,FOODS_3_013,0.496,0.992
CA,FOODS_3_014,0.396,0.792
CA,FOODS_3_015,0.316,0.632
CA,FOODS_3_016,0.596,1.192
CA,FOODS_3_017,0.396,0.792
CA,FOODS_3_018,0.9,1.8
CA,FOODS_3_019,0.396,0.792
CA,FOODS_3_020,0.25,0.5
CA,FOODS_3_021,0.496,0.992
CA,FOODS_3_022,0.396,0.792
CA,FOODS_3_023,0.756,1.512
CA,FOODS_3_024,0.196,0.392
CA,FOODS_3_025,0.576,1.152
CA,FOODS_3_026,0.396,0.792
CA,FOODS_3_027,0.4,0.8
CA,FOODS_3_028,0.7,1.4
CA,FOODS_3_029,0.25,0.5
CA,FOODS_3_030,0.2,0.4
CA,FOODS_3_031,0.796,1.592
CA,FOODS_3_032,0.596,1.192
CA,FOODS_3_033,0.5,1.0
CA,FOODS_3_034,0.5,1.0
CA,FOODS_3_035,0.716,1.432
CA,FOODS_3_036,0.576,1.152
CA,FOODS_3_037,0.5,1.0
CA,FOODS_3_038,0.996,1.992
CA,FOODS_3_039,0.856,1.712
CA,FOODS_3_040,0.5,1.0
CA,FOODS_3_041,0.596,1.192
CA,FOODS_3_042,0.296,0.592
CA,FOODS_3_043,0.5,1.0
CA,FOODS_3_044,0.576,1.152
CA,FOODS_3_045,0.796,1.592
CA,FOODS_3_046,0.396,0.792
CA,FOODS_3_047,0.2,0.4
CA,FOODS_3_048,0.332,0.664
CA,FOODS_3_049,0.936,1.872
CA,FOODS_3_050,0.296,0.592
CA,FOODS_3_051,0.396,0.792
CA,FOODS_3_053,0.796,1.592
CA,FOODS_3_054,0.396,0.792
CA,FOODS_3_055,0.696,1.392
CA,FOODS_3_056,0.396,0.792
CA,FOODS_3_057,0.596,1.192
CA,FOODS_3_058,0.396,0.792
CA,FOODS_3_059,0.394,0.788
CA,FOODS_3_060,0.596,1.192
CA,FOODS_3_061,0.596,1.192
CA,FOODS_3_062,0.536,1.072
CA,FOODS_3_063,0.536,1.072
CA,FOODS_3_064,0.296,0.592
CA,FOODS_3_065,0.696,1.392
CA,FOODS_3_066,0.596,1.192
CA,FOODS_3_067,0.756,1.512
CA,FOODS_3_068,0.596,1.192
CA,FOODS_3_069,0.594,1.188
CA,FOODS_3_070,0.04,0.08
CA,FOODS_3_071,0.268,0.536
CA,FOODS_3_072,0.5,1.0
CA,FOODS_3_073,0.596,1.192
CA,FOODS_3_074,0.796,1.592
CA,FOODS_3_075,0.576,1.152
CA,FOODS_3_076,0.25,0.5
CA,FOODS_3_077,0.5,1.0
CA,FOODS_3_078,0.436,0.872
CA,FOODS_3_079,1.196,2.392
CA,FOODS_3_080,0.296,0.592
CA,FOODS_3_081,0.9,1.8
CA,FOODS_3_082,0.396,0.792
CA,FOODS_3_083,3.796,7.592
CA,FOODS_3_084,0.396,0.792
CA,FOODS_3_085,0.596,1.192
CA,FOODS_3_086,0.25,0.5
CA,FOODS_3_087,0.5,1.0
CA,FOODS_3_088,0.556,1.112
CA,FOODS_3_089,0.2,0.4
CA,FOODS_3_090,0.25,0.5
CA,FOODS_3_091,0.976,1.952
CA,FOODS_3_092,0.736,1.472
CA,FOODS_3_093,0.394,0.788
CA,FOODS_3_094,0.596,1.192
CA,FOODS_3_095,1.128,2.256
CA,FOODS_3_096,0.876,1.752
CA,FOODS_3_097,0.4,0.8
CA,FOODS_3_098,0.876,1.752
CA,FOODS_3_099,0.476,0.952
CA,FOODS_3_100,0.796,1.592
CA,FOODS_3_101,0.2,0.4
CA,FOODS_3_102,0.396,0.792
CA,FOODS_3_103,0.676,1.352
CA,FOODS_3_104,0.596,1.192
CA,FOODS_3_105,0.576,1.152
CA,FOODS_3_106,0.2,0.4
CA,FOODS_3_107,0.536,1.072
CA,FOODS_3_108,0.2,0.4
CA,FOODS_3_109,0.2,0.4
CA,FOODS_3_110,1.736,3.472
CA,FOODS_3_111,0.996,1.992
CA,FOODS_3_112,0.596,1.192
CA,FOODS_3_113,0.3,0.6
CA,FOODS_3_114,0.536,1.072
CA,FOODS_3_115,0.876,1.752
CA,FOODS_3_116,0.2,0.4
CA,FOODS_3_117,0.394,0.788
CA,FOODS_3_118,0.2,0.4
CA,FOODS_3_119,0.856,1.712
CA,FOODS_3_120,0.996,1.992
CA,FOODS_3_121,0.596,1.192
CA,FOODS_3_122,0.5,1.0
CA,FOODS_3_123,0.494,0.988
CA,FOODS_3_124,1.196,2.392
CA,FOODS_3_125,0.996,1.992
CA,FOODS_3_126,0.696,1.392
CA,FOODS_3_127,0.656,1.312
CA,FOODS_3_128,0.648,1.296
CA,FOODS_3_129,0.496,0.992
CA,FOODS_3_130,0.536,1.072
CA,FOODS_3_131,0.2,0.4
CA,FOODS_3_132,0.516,1.032
CA,FOODS_3_133,0.176,0.352
CA,FOODS_3_134,1.296,2.592
CA,FOODS_3_135,0.296,0.592
CA,FOODS_3_136,0.876,1.752
CA,FOODS_3_137,0.5,1.0
CA,FOODS_3_138,0.396,0.792
CA,FOODS_3_139,0.996,1.992
CA,FOODS_3_140,0.716,1.432
CA,FOODS_3_141,0.556,1.112
CA,FOODS_3_142,0.796,1.592
CA,FOODS_3_143,0.5,1.0
CA,FOODS_3_144,0.388,0.776
CA,FOODS_3_145,0.564,1.128
CA,FOODS_3_146,1.196,2.392
CA,FOODS_3_147,0.716,1.432
CA,FOODS_3_148,0.25,0.5
CA,FOODS_3_149,0.5,1.0
CA,FOODS_3_150,0.394,0.788
CA,FOODS_3_151,0.536,1.072
CA,FOODS_3_152,0.396,0.792
CA,FOODS_3_153,0.396,0.792
CA,FOODS_3_154,0.596,1.192
CA,FOODS_3_155,0.396,0.792
CA,FOODS_3_156,0.716,1.432
CA,FOODS_3_157,0.596,1.192
CA,FOODS_3_158,1.196,2.392
CA,FOODS_3_159,0.596,1.192
CA,FOODS_3_160,0.494,0.988
CA,FOODS_3_161,0.396,0.792
CA,FOODS_3_162,0.396,0.792
CA,FOODS_3_163,0.4,0.8
CA,FOODS_3_164,0.576,1.152
CA,FOODS_3_165,0.716,1.432
CA,FOODS_3_166,0.2,0.4
CA,FOODS_3_167,0.396,0.792
CA,FOODS_3_168,0.756,1.512
CA,FOODS_3_169,0.796,1.592
CA,FOODS_3_170,0.396,0.792
CA,FOODS_3_171,0.496,0.992
CA,FOODS_3_172,0.356,0.712
CA,FOODS_3_173,2.196,4.392
CA,FOODS_3_174,1.244,2.488
CA,FOODS_3_175,1.396,2.792
CA,FOODS_3_176,0.328,0.656
CA,FOODS_3_177,0.596,1.192
CA,FOODS_3_178,0.474,0.948
CA,FOODS_3_179,0.796,1.592
CA,FOODS_3_180,0.556,1.112
CA,FOODS_3_181,0.596,1.192
CA,FOODS_3_182,0.396,0.792
CA,FOODS_3_183,0.656,1.312
CA,FOODS_3_184,0.596,1.192
CA,FOODS_3_185,0.496,0.992
CA,FOODS_3_186,0.456,0.912
CA,FOODS_3_187,0.456,0.912
CA,FOODS_3_188,0.396,0.792
CA,FOODS_3_189,0.5,1.0
CA,FOODS_3_190,0.2,0.4
CA,FOODS_3_191,0.2,0.4
CA,FOODS_3_192,1.186,2.372
CA,FOODS_3_193,0.456,0.912
CA,FOODS_3_194,0.556,1.112
CA,FOODS_3_195,0.516,1.032
CA,FOODS_3_196,0.9,1.8
CA,FOODS_3_197,0.396,0.792
CA,FOODS_3_198,0.996,1.992
CA,FOODS_3_199,0.396,0.792
CA,FOODS_3_200,0.4,0.8
CA,FOODS_3_201,0.476,0.952
CA,FOODS_3_202,0.876,1.752
CA,FOODS_3_203,0.9,1.8
CA,FOODS_3_204,0.496,0.992
CA,FOODS_3_205,0.196,0.392
CA,FOODS_3_206,0.496,0.992
CA,FOODS_3_207,0.396,0.792
CA,FOODS_3_208,0.936,1.872
CA,FOODS_3_209,0.796,1.592
CA,FOODS_3_210,0.396,0.792
CA,FOODS_3_211,1.056,2.112
CA,FOODS_3_212,0.596,1.192
CA,FOODS_3_213,0.496,0.992
CA,FOODS_3_214,0.25,0.5
CA,FOODS_3_215,0.196,0.392
CA,FOODS_3_216,0.498,0.996
CA,FOODS_3_217,0.556,1.112
CA,FOODS_3_218,0.4,0.8
CA,FOODS_3_219,0.2,0.4
CA,FOODS_3_220,0.656,1.312
CA,FOODS_3_221,0.996,1.992
CA,FOODS_3_222,0.856,1.712
CA,FOODS_3_223,0.396,0.792
CA,FOODS_3_224,0.856,1.712
CA,FOODS_3_225,0.396,0.792
CA,FOODS_3_226,0.296,0.592
CA,FOODS_3_227,0.4,0.8
CA,FOODS_3_228,0.296,0.592
CA,FOODS_3_229,0.696,1.392
CA,FOODS_3_230,0.696,1.392
CA,FOODS_3_231,1.196,2.392
CA,FOODS_3_232,0.636,1.272
CA,FOODS_3_233,0.5,1.0
CA,FOODS_3_234,0.04,0.08
CA,FOODS_3_235,0.396,0.792
CA,FOODS_3_236,0.5,1.0
CA,FOODS_3_237,0.2,0.4
CA,FOODS_3_238,0.736,1.472
CA,FOODS_3_239,0.336,0.672
CA,FOODS_3_240,0.2,0.4
CA,FOODS_3_241,0.556,1.112
CA,FOODS_3_242,1.976,3.952
CA,FOODS_3_243,0.296,0.592
CA,FOODS_3_244,1.976,3.952
CA,FOODS_3_245,0.496,0.992
CA,FOODS_3_246,0.396,0.792
CA,FOODS_3_247,0.976,1.952
CA,FOODS_3_248,0.396,0.792
CA,FOODS_3_249,0.568,1.136
CA,FOODS_3_250,0.776,1.552
CA,FOODS_3_251,0.596,1.192
CA,FOODS_3_252,0.296,0.592
CA,FOODS_3_253,0.396,0.792
CA,FOODS_3_254,0.348,0.696
CA,FOODS_3_255,0.796,1.592
CA,FOODS_3_256,0.476,0.952
CA,FOODS_3_257,0.856,1.712
CA,FOODS_3_258,0.3,0.6
CA,FOODS_3_259,0.3,0.6
CA,FOODS_3_260,0.394,0.788
CA,FOODS_3_261,0.896,1.792
CA,FOODS_3_262,1.3,2.6
CA,FOODS_3_263,0.536,1.072
CA,FOODS_3_264,0.796,1.592
CA,FOODS_3_265,0.756,1.512
CA,FOODS_3_266,0.724,1.448
CA,FOODS_3_267,0.396,0.792
CA,FOODS_3_268,0.436,0.872
CA,FOODS_3_269,0.568,1.136
CA,FOODS_3_270,0.596,1.192
CA,FOODS_3_271,0.996,1.992
CA,FOODS_3_272,1.796,3.592
CA,FOODS_3_273,0.4,0.8
CA,FOODS_3_274,0.25,0.5
CA,FOODS_3_275,0.5,1.0
CA,FOODS_3_276,0.996,1.992
CA,FOODS_3_277,0.396,0.792
CA,FOODS_3_278,0.2,0.4
CA,FOODS_3_279,0.596,1.192
CA,FOODS_3_280,1.052,2.104
CA,FOODS_3_281,0.276,0.552
CA,FOODS_3_282,0.5,1.0
CA,FOODS_3_283,0.596,1.192
CA,FOODS_3_284,0.396,0.792
CA,FOODS_3_285,0.276,0.552
CA,FOODS_3_286,0.776,1.552
CA,FOODS_3_287,0.996,1.992
CA,FOODS_3_288,0.3,0.6
CA,FOODS_3_289,0.556,1.112
CA,FOODS_3_290,0.2,0.4
CA,FOODS_3_291,0.476,0.952
CA,FOODS_3_292,0.7,1.4
CA,FOODS_3_293,0.396,0.792
CA,FOODS_3_294,0.496,0.992
CA,FOODS_3_295,0.176,0.352
CA,FOODS_3_296,0.4,0.8
CA,FOODS_3_297,0.576,1.152
CA,FOODS_3_298,3.796,7.592
CA,FOODS_3_299,0.3,0.6
CA,FOODS_3_300,0.906,1.812
CA,FOODS_3_301,0.396,0.792
CA,FOODS_3_302,0.3,0.6
CA,FOODS_3_303,0.596,1.192
CA,FOODS_3_304,0.856,1.712
CA,FOODS_3_305,0.596,1.192
CA,FOODS_3_306,0.296,0.592
CA,FOODS_3_307,0.796,1.592
CA,FOODS_3_308,0.896,1.792
CA,FOODS_3_309,0.396,0.792
CA,FOODS_3_310,0.2,0.4
CA,FOODS_3_311,0.596,1.192
CA,FOODS_3_312,0.576,1.152
CA,FOODS_3_313,0.394,0.788
CA,FOODS_3_314,0.494,0.988
CA,FOODS_3_315,0.396,0.792
CA,FOODS_3_316,0.5,1.0
CA,FOODS_3_317,0.25,0.5
CA,FOODS_3_318,0.2,0.4
CA,FOODS_3_319,0.2,0.4
CA,FOODS_3_320,0.396,0.792
CA,FOODS_3_321,0.25,0.5
CA,FOODS_3_322,0.5,1.0
CA,FOODS_3_323,0.496,0.992
CA,FOODS_3_324,0.6,1.2
CA,FOODS_3_325,0.5,1.0
CA,FOODS_3_326,0.2,0.4
CA,FOODS_3_327,0.596,1.192
CA,FOODS_3_328,0.7,1.4
CA,FOODS_3_329,0.596,1.192
CA,FOODS_3_330,0.906,1.812
CA,FOODS_3_331,0.296,0.592
CA,FOODS_3_332,0.396,0.792
CA,FOODS_3_333,0.396,0.792
CA,FOODS_3_334,0.556,1.112
CA,FOODS_3_335,0.496,0.992
CA,FOODS_3_336,0.494,0.988
CA,FOODS_3_337,0.796,1.592
CA,FOODS_3_338,0.736,1.472
CA,FOODS_3_339,0.176,0.352
CA,FOODS_3_340,0.596,1.192
CA,FOODS_3_341,0.796,1.592
CA,FOODS_3_342,0.276,0.552
CA,FOODS_3_343,0.716,1.432
CA,FOODS_3_344,0.4,0.8
CA,FOODS_3_345,0.494,0.988
CA,FOODS_3_346,0.396,0.792
CA,FOODS_3_347,0.394,0.788
CA,FOODS_3_348,0.176,0.352
CA,FOODS_3_349,0.276,0.552
CA,FOODS_3_350,0.716,1.432
CA,FOODS_3_351,0.25,0.5
CA,FOODS_3_352,0.8,1.6
CA,FOODS_3_353,1.796,3.592
CA,FOODS_3_354,0.596,1.192
CA,FOODS_3_355,0.25,0.5
CA,FOODS_3_356,0.656,1.312
CA,FOODS_3_357,0.8,1.6
CA,FOODS_3_358,0.576,1.152
CA,FOODS_3_359,0.556,1.112
CA,FOODS_3_360,0.496,0.992
CA,FOODS_3_361,0.396,0.792
CA,FOODS_3_362,0.5,1.0
CA,FOODS_3_363,0.396,0.792
CA,FOODS_3_364,0.556,1.112
CA,FOODS_3_365,0.716,1.432
CA,FOODS_3_366,0.348,0.696
CA,FOODS_3_367,0.476,0.952
CA,FOODS_3_368,1.196,2.392
CA,FOODS_3_369,0.756,1.512
CA,FOODS_3_370,1.396,2.792
CA,FOODS_3_371,0.5,1.0
CA,FOODS_3_372,0.656,1.312
CA,FOODS_3_373,0.396,0.792
CA,FOODS_3_374,0.596,1.192
CA,FOODS_3_375,0.396,0.792
CA,FOODS_3_376,0.2,0.4
CA,FOODS_3_377,0.296,0.592
CA,FOODS_3_378,0.9,1.8
CA,FOODS_3_379,0.496,0.992
CA,FOODS_3_380,0.376,0.752
CA,FOODS_3_381,0.596,1.192
CA,FOODS_3_382,0.396,0.792
CA,FOODS_3_383,0.2,0.4
CA,FOODS_3_384,0.596,1.192
CA,FOODS_3_385,0.596,1.192
CA,FOODS_3_386,0.5,1.0
CA,FOODS_3_387,0.568,1.136
CA,FOODS_3_388,0.8,1.6
CA,FOODS_3_389,0.296,0.592
CA,FOODS_3_390,0.336,0.672
CA,FOODS_3_391,0.5,1.0
CA,FOODS_3_392,0.736,1.472
CA,FOODS_3_393,0.7,1.4
CA,FOODS_3_394,0.556,1.112
CA,FOODS_3_395,0.756,1.512
CA,FOODS_3_396,2.196,4.392
CA,FOODS_3_397,0.376,0.752
CA,FOODS_3_398,0.976,1.952
CA,FOODS_3_399,0.7,1.4
CA,FOODS_3_400,0.556,1.112
CA,FOODS_3_401,0.396,0.792
CA,FOODS_3_402,0.996,1.992
CA,FOODS_3_403,0.3,0.6
CA,FOODS_3_404,0.2,0.4
CA,FOODS_3_405,0.696,1.392
CA,FOODS_3_406,0.176,0.352
CA,FOODS_3_407,0.664,1.328
CA,FOODS_3_408,0.634,1.268
CA,FOODS_3_409,0.556,1.112
CA,FOODS_3_410,0.516,1.032
CA,FOODS_3_411,0.596,1.192
CA,FOODS_3_412,0.04,0.08
CA,FOODS_3_413,0.2,0.4
CA,FOODS_3_414,0.994,1.988
CA,FOODS_3_415,0.396,0.792
CA,FOODS_3_416,0.5,1.0
CA,FOODS_3_417,0.9,1.8
CA,FOODS_3_418,0.796,1.592
CA,FOODS_3_419,0.576,1.152
CA,FOODS_3_420,1.696,3.392
CA,FOODS_3_421,0.496,0.992
CA,FOODS_3_422,0.394,0.788
CA,FOODS_3_423,0.596,1.192
CA,FOODS_3_424,0.7,1.4
CA,FOODS_3_425,0.496,0.992
CA,FOODS_3_426,0.596,1.192
CA,FOODS_3_427,0.496,0.992
CA,FOODS_3_428,0.396,0.792
CA,FOODS_3_429,1.196,2.392
CA,FOODS_3_430,1.196,2.392
CA,FOODS_3_431,0.2,0.4
CA,FOODS_3_432,0.856,1.712
CA,FOODS_3_433,0.2,0.4
CA,FOODS_3_434,0.556,1.112
CA,FOODS_3_435,0.2,0.4
CA,FOODS_3_436,0.396,0.792
CA,FOODS_3_437,0.2,0.4
CA,FOODS_3_438,0.2,0.4
CA,FOODS_3_439,0.536,1.072
CA,FOODS_3_440,0.796,1.592
CA,FOODS_3_441,1.296,2.592
CA,FOODS_3_442,0.496,0.992
CA,FOODS_3_443,0.5,1.0
CA,FOODS_3_444,1.296,2.592
CA,FOODS_3_445,0.496,0.992
CA,FOODS_3_446,0.2,0.4
CA,FOODS_3_447,0.396,0.792
CA,FOODS_3_448,0.6,1.2
CA,FOODS_3_449,0.396,0.792
CA,FOODS_3_450,0.636,1.272
CA,FOODS_3_451,0.256,0.512
CA,FOODS_3_452,1.052,2.104
CA,FOODS_3_453,0.596,1.192
CA,FOODS_3_454,0.04,0.08
CA,FOODS_3_455,0.496,0.992
CA,FOODS_3_456,0.736,1.472
CA,FOODS_3_457,0.5,1.0
CA,FOODS_3_458,0.388,0.776
CA,FOODS_3_459,0.356,0.712
CA,FOODS_3_460,0.396,0.792
CA,FOODS_3_461,0.296,0.592
CA,FOODS_3_462,0.2,0.4
CA,FOODS_3_463,1.196,2.392
CA,FOODS_3_464,0.596,1.192
CA,FOODS_3_465,0.396,0.792
CA,FOODS_3_466,0.756,1.512
CA,FOODS_3_467,0.396,0.792
CA,FOODS_3_468,0.2,0.4
CA,FOODS_3_469,1.336,2.672
CA,FOODS_3_470,0.396,0.792
CA,FOODS_3_471,0.5,1.0
CA,FOODS_3_472,0.394,0.788
CA,FOODS_3_473,0.716,1.432
CA,FOODS_3_474,0.356,0.712
CA,FOODS_3_475,0.2,0.4
CA,FOODS_3_476,1.196,2.392
CA,FOODS_3_477,0.296,0.592
CA,FOODS_3_478,0.396,0.792
CA,FOODS_3_479,0.2,0.4
CA,FOODS_3_480,0.396,0.792
CA,FOODS_3_481,0.7,1.4
CA,FOODS_3_482,0.596,1.192
CA,FOODS_3_483,0.596,1.192
CA,FOODS_3_484,0.376,0.752
CA,FOODS_3_485,0.696,1.392
CA,FOODS_3_486,0.576,1.152
CA,FOODS_3_487,0.336,0.672
CA,FOODS_3_488,0.796,1.592
CA,FOODS_3_489,0.396,0.792
CA,FOODS_3_490,0.596,1.192
CA,FOODS_3_491,0.25,0.5
CA,FOODS_3_492,0.596,1.192
CA,FOODS_3_493,1.396,2.792
CA,FOODS_3_494,0.568,1.136
CA,FOODS_3_495,0.474,0.948
CA,FOODS_3_496,0.796,1.592
CA,FOODS_3_497,0.456,0.912
CA,FOODS_3_498,0.04,0.08
CA,FOODS_3_499,0.5,1.0
CA,FOODS_3_500,0.5,1.0
CA,FOODS_3_501,0.176,0.352
CA,FOODS_3_502,0.5,1.0
CA,FOODS_3_503,0.432,0.864
CA,FOODS_3_504,0.2,0.4
CA,FOODS_3_505,0.656,1.312
CA,FOODS_3_506,0.796,1.592
CA,FOODS_3_507,0.396,0.792
CA,FOODS_3_508,0.2,0.4
CA,FOODS_3_509,0.396,0.792
CA,FOODS_3_510,0.4,0.8
CA,FOODS_3_511,1.296,2.592
CA,FOODS_3_512,0.396,0.792
CA,FOODS_3_513,0.9,1.8
CA,FOODS_3_514,0.996,1.992
CA,FOODS_3_515,0.576,1.152
CA,FOODS_3_516,0.696,1.392
CA,FOODS_3_517,0.576,1.152
CA,FOODS_3_518,0.576,1.152
CA,FOODS_3_519,0.2,0.4
CA,FOODS_3_520,0.832,1.664
CA,FOODS_3_521,0.508,1.016
CA,FOODS_3_522,0.494,0.988
CA,FOODS_3_523,0.396,0.792
CA,FOODS_3_524,0.2,0.4
CA,FOODS_3_525,0.4,0.8
CA,FOODS_3_526,0.396,0.792
CA,FOODS_3_527,0.996,1.992
CA,FOODS_3_528,1.052,2.104
CA,FOODS_3_529,0.796,1.592
CA,FOODS_3_530,0.336,0.672
CA,FOODS_3_531,0.496,0.992
CA,FOODS_3_532,0.536,1.072
CA,FOODS_3_533,1.052,2.104
CA,FOODS_3_534,0.864,1.728
CA,FOODS_3_535,1.336,2.672
CA,FOODS_3_536,0.496,0.992
CA,FOODS_3_537,0.796,1.592
CA,FOODS_3_538,0.256,0.512
CA,FOODS_3_539,0.436,0.872
CA,FOODS_3_540,0.596,1.192
CA,FOODS_3_541,0.2,0.4
CA,FOODS_3_542,0.476,0.952
CA,FOODS_3_543,0.724,1.448
CA,FOODS_3_544,0.596,1.192
CA,FOODS_3_545,0.2,0.4
CA,FOODS_3_546,1.196,2.392
CA,FOODS_3_547,0.04,0.08
CA,FOODS_3_548,0.476,0.952
CA,FOODS_3_549,0.4,0.8
CA,FOODS_3_550,0.596,1.192
CA,FOODS_3_551,0.9,1.8
CA,FOODS_3_552,0.396,0.792
CA,FOODS_3_553,0.5,1.0
CA,FOODS_3_554,0.724,1.448
CA,FOODS_3_555,0.296,0.592
CA,FOODS_3_556,0.576,1.152
CA,FOODS_3_557,0.5,1.0
CA,FOODS_3_558,0.648,1.296
CA,FOODS_3_559,0.516,1.032
CA,FOODS_3_560,0.576,1.152
CA,FOODS_3_561,0.596,1.192
CA,FOODS_3_562,0.976,1.952
CA,FOODS_3_563,0.756,1.512
CA,FOODS_3_564,0.396,0.792
CA,FOODS_3_565,0.576,1.152
CA,FOODS_3_566,0.2,0.4
CA,FOODS_3_567,0.396,0.792
CA,FOODS_3_568,0.2,0.4
CA,FOODS_3_569,0.8,1.6
CA,FOODS_3_570,0.3,0.6
CA,FOODS_3_571,1.396,2.792
CA,FOODS_3_572,0.536,1.072
CA,FOODS_3_573,0.2,0.4
CA,FOODS_3_574,1.196,2.392
CA,FOODS_3_575,1.3,2.6
CA,FOODS_3_576,0.5,1.0
CA,FOODS_3_577,0.596,1.192
CA,FOODS_3_578,0.6,1.2
CA,FOODS_3_579,0.376,0.752
CA,FOODS_3_580,0.04,0.08
CA,FOODS_3_581,0.396,0.792
CA,FOODS_3_582,0.336,0.672
CA,FOODS_3_583,0.3,0.6
CA,FOODS_3_584,0.2,0.4
CA,FOODS_3_585,0.796,1.592
CA,FOODS_3_586,0.296,0.592
CA,FOODS_3_587,0.456,0.912
CA,FOODS_3_588,0.708,1.416
CA,FOODS_3_589,0.2,0.4
CA,FOODS_3_590,0.568,1.136
CA,FOODS_3_591,0.516,1.032
CA,FOODS_3_592,1.396,2.792
CA,FOODS_3_593,0.994,1.988
CA,FOODS_3_594,0.2,0.4
CA,FOODS_3_595,0.396,0.792
CA,FOODS_3_596,0.516,1.032
CA,FOODS_3_597,0.556,1.112
CA,FOODS_3_598,0.376,0.752
CA,FOODS_3_599,0.396,0.792
CA,FOODS_3_600,0.5,1.0
CA,FOODS_3_601,0.396,0.792
CA,FOODS_3_602,0.496,0.992
CA,FOODS_3_603,0.2,0.4
CA,FOODS_3_604,0.5,1.0
CA,FOODS_3_605,0.5,1.0
CA,FOODS_3_606,0.576,1.152
CA,FOODS_3_607,0.496,0.992
CA,FOODS_3_608,0.396,0.792
CA,FOODS_3_609,0.596,1.192
CA,FOODS_3_610,0.396,0.792
CA,FOODS_3_611,0.456,0.912
CA,FOODS_3_612,0.796,1.592
CA,FOODS_3_613,0.576,1.152
CA,FOODS_3_614,0.2,0.4
CA,FOODS_3_615,0.876,1.752
CA,FOODS_3_616,0.576,1.152
CA,FOODS_3_617,0.396,0.792
CA,FOODS_3_618,0.396,0.792
CA,FOODS_3_619,0.536,1.072
CA,FOODS_3_620,1.096,2.192
CA,FOODS_3_621,0.3,0.6
CA,FOODS_3_622,0.476,0.952
CA,FOODS_3_623,0.596,1.192
CA,FOODS_3_624,0.496,0.992
CA,FOODS_3_625,0.716,1.432
CA,FOODS_3_626,0.796,1.592
CA,FOODS_3_627,0.556,1.112
CA,FOODS_3_628,0.896,1.792
CA,FOODS_3_629,1.128,2.256
CA,FOODS_3_630,0.494,0.988
CA,FOODS_3_631,0.668,1.336
CA,FOODS_3_632,0.906,1.812
CA,FOODS_3_633,0.576,1.152
CA,FOODS_3_634,0.896,1.792
CA,FOODS_3_635,0.2,0.4
CA,FOODS_3_636,0.7,1.4
CA,FOODS_3_637,0.596,1.192
CA,FOODS_3_638,0.3,0.6
CA,FOODS_3_639,0.396,0.792
CA,FOODS_3_640,0.3,0.6
CA,FOODS_3_641,0.4,0.8
CA,FOODS_3_642,0.696,1.392
CA,FOODS_3_643,0.396,0.792
CA,FOODS_3_644,0.396,0.792
CA,FOODS_3_645,0.576,1.152
CA,FOODS_3_646,0.568,1.136
CA,FOODS_3_647,0.236,0.472
CA,FOODS_3_648,0.2,0.4
CA,FOODS_3_649,1.096,2.192
CA,FOODS_3_650,0.596,1.192
CA,FOODS_3_651,0.752,1.504
CA,FOODS_3_652,0.796,1.592
CA,FOODS_3_653,0.796,1.592
CA,FOODS_3_654,0.276,0.552
CA,FOODS_3_655,0.396,0.792
CA,FOODS_3_656,0.596,1.192
CA,FOODS_3_657,0.6,1.2
CA,FOODS_3_658,0.556,1.112
CA,FOODS_3_659,0.756,1.512
CA,FOODS_3_660,0.296,0.592
CA,FOODS_3_661,0.656,1.312
CA,FOODS_3_662,0.5,1.0
CA,FOODS_3_663,0.396,0.792
CA,FOODS_3_664,0.394,0.788
CA,FOODS_3_665,0.596,1.192
CA,FOODS_3_666,0.494,0.988
CA,FOODS_3_667,0.376,0.752
CA,FOODS_3_668,0.296,0.592
CA,FOODS_3_669,0.116,0.232
CA,FOODS_3_670,0.376,0.752
CA,FOODS_3_671,0.396,0.792
CA,FOODS_3_672,0.396,0.792
CA,FOODS_3_673,1.196,2.392
CA,FOODS_3_674,0.596,1.192
CA,FOODS_3_675,0.456,0.912
CA,FOODS_3_676,1.396,2.792
CA,FOODS_3_677,0.796,1.592
CA,FOODS_3_678,0.896,1.792
CA,FOODS_3_679,0.756,1.512
CA,FOODS_3_680,0.5,1.0
CA,FOODS_3_681,0.25,0.5
CA,FOODS_3_682,0.7,1.4
CA,FOODS_3_683,0.5,1.0
CA,FOODS_3_684,0.396,0.792
CA,FOODS_3_685,0.456,0.912
CA,FOODS_3_686,0.7,1.4
CA,FOODS_3_687,0.516,1.032
CA,FOODS_3_688,0.356,0.712
CA,FOODS_3_689,0.536,1.072
CA,FOODS_3_690,1.996,3.992
CA,FOODS_3_691,1.496,2.992
CA,FOODS_3_692,0.176,0.352
CA,FOODS_3_693,0.696,1.392
CA,FOODS_3_694,0.296,0.592
CA,FOODS_3_695,0.906,1.812
CA,FOODS_3_696,0.9,1.8
CA,FOODS_3_697,0.636,1.272
CA,FOODS_3_698,0.2,0.4
CA,FOODS_3_700,0.568,1.136
CA,FOODS_3_701,0.396,0.792
CA,FOODS_3_702,0.656,1.312
CA,FOODS_3_703,0.396,0.792
CA,FOODS_3_704,0.876,1.752
CA,FOODS_3_705,0.7,1.4
CA,FOODS_3_706,0.396,0.792
CA,FOODS_3_707,0.196,0.392
CA,FOODS_3_708,0.596,1.192
CA,FOODS_3_709,0.384,0.768
CA,FOODS_3_710,0.596,1.192
CA,FOODS_3_711,0.04,0.08
CA,FOODS_3_712,0.632,1.264
CA,FOODS_3_713,0.756,1.512
CA,FOODS_3_714,0.296,0.592
CA,FOODS_3_715,0.796,1.592
CA,FOODS_3_716,0.356,0.712
CA,FOODS_3_717,0.396,0.792
CA,FOODS_3_718,0.2,0.4
CA,FOODS_3_719,0.436,0.872
CA,FOODS_3_720,0.796,1.592
CA,FOODS_3_721,0.396,0.792
CA,FOODS_3_722,0.5,1.0
CA,FOODS_3_723,0.25,0.5
CA,FOODS_3_724,1.376,2.752
CA,FOODS_3_725,0.556,1.112
CA,FOODS_3_726,0.5,1.0
CA,FOODS_3_727,0.856,1.712
CA,FOODS_3_729,0.796,1.592
CA,FOODS_3_730,0.796,1.592
CA,FOODS_3_731,0.596,1.192
CA,FOODS_3_732,0.396,0.792
CA,FOODS_3_733,0.396,0.792
CA,FOODS_3_734,0.236,0.472
CA,FOODS_3_735,0.4,0.8
CA,FOODS_3_736,0.396,0.792
CA,FOODS_3_737,0.696,1.392
CA,FOODS_3_738,0.25,0.5
CA,FOODS_3_739,0.3,0.6
CA,FOODS_3_741,0.316,0.632
CA,FOODS_3_742,0.276,0.552
CA,FOODS_3_743,0.596,1.192
CA,FOODS_3_744,0.396,0.792
CA,FOODS_3_745,0.396,0.792
CA,FOODS_3_746,0.396,0.792
CA,FOODS_3_747,0.2,0.4
CA,FOODS_3_748,0.776,1.552
CA,FOODS_3_749,0.396,0.792
CA,FOODS_3_750,0.528,1.056
CA,FOODS_3_751,0.996,1.992
CA,FOODS_3_752,0.04,0.08
CA,FOODS_3_753,1.196,2.392
CA,FOODS_3_754,1.196,2.392
CA,FOODS_3_755,0.25,0.5
CA,FOODS_3_756,0.576,1.152
CA,FOODS_3_757,0.568,1.136
CA,FOODS_3_758,0.5,1.0
CA,FOODS_3_759,0.536,1.072
CA,FOODS_3_760,0.576,1.152
CA,FOODS_3_761,0.4,0.8
CA,FOODS_3_762,0.736,1.472
CA,FOODS_3_763,0.696,1.392
CA,FOODS_3_764,0.596,1.192
CA,FOODS_3_765,0.516,1.032
CA,FOODS_3_766,0.556,1.112
CA,FOODS_3_767,0.2,0.4
CA,FOODS_3_768,0.396,0.792
CA,FOODS_3_769,0.276,0.552
CA,FOODS_3_770,0.796,1.592
CA,FOODS_3_771,0.5,1.0
CA,FOODS_3_772,1.196,2.392
CA,FOODS_3_773,0.996,1.992
CA,FOODS_3_774,0.996,1.992
CA,FOODS_3_775,0.696,1.392
CA,FOODS_3_776,0.596,1.192
CA,FOODS_3_777,0.596,1.192
CA,FOODS_3_778,0.396,0.792
CA,FOODS_3_779,0.496,0.992
CA,FOODS_3_780,0.596,1.192
CA,FOODS_3_781,0.536,1.072
CA,FOODS_3_782,0.4,0.8
CA,FOODS_3_783,1.196,2.392
CA,FOODS_3_784,0.2,0.4
CA,FOODS_3_785,0.6,1.2
CA,FOODS_3_786,0.396,0.792
CA,FOODS_3_787,0.496,0.992
CA,FOODS_3_788,0.724,1.448
CA,FOODS_3_789,0.3,0.6
CA,FOODS_3_790,0.4,0.8
CA,FOODS_3_791,0.5,1.0
CA,FOODS_3_792,0.2,0.4
CA,FOODS_3_793,0.596,1.192
CA,FOODS_3_794,0.556,1.112
CA,FOODS_3_795,0.536,1.072
CA,FOODS_3_796,0.596,1.192
CA,FOODS_3_797,0.796,1.592
CA,FOODS_3_798,0.396,0.792
CA,FOODS_3_799,0.396,0.792
CA,FOODS_3_800,0.394,0.788
CA,FOODS_3_801,0.2,0.4
CA,FOODS_3_802,0.336,0.672
CA,FOODS_3_803,0.2,0.4
CA,FOODS_3_804,0.376,0.752
CA,FOODS_3_805,0.2,0.4
CA,FOODS_3_806,0.5,1.0
CA,FOODS_3_807,0.396,0.792
CA,FOODS_3_808,0.2,0.4
CA,FOODS_3_809,0.2,0.4
CA,FOODS_3_810,0.5,1.0
CA,FOODS_3_811,0.356,0.712
CA,FOODS_3_812,0.536,1.072
CA,FOODS_3_813,0.9,1.8
CA,FOODS_3_814,0.296,0.592
CA,FOODS_3_815,0.496,0.992
CA,FOODS_3_816,0.04,0.08
CA,FOODS_3_817,0.536,1.072
CA,FOODS_3_818,0.596,1.192
CA,FOODS_3_819,0.396,0.792
CA,FOODS_3_820,0.314,0.628
CA,FOODS_3_821,0.996,1.992
CA,FOODS_3_822,0.856,1.712
CA,FOODS_3_823,0.536,1.072
CA,FOODS_3_824,0.494,0.988
CA,FOODS_3_825,0.8,1.6
CA,FOODS_3_826,0.256,0.512
CA,FOODS_3_827,0.2,0.4
